sequence_id,order_id,order_type,item_id,item_quantity,order_arrival
1,-50,1,190,9,0
2,-50,1,31,10,0
3,-50,1,445,8,0
4,-50,1,9,8,0
5,-49,1,6,9,0
6,-49,1,47,9,0
7,-49,1,38,2,0
8,-49,1,3,7,0
9,-49,1,34,1,0
10,-49,1,0,6,0
11,-49,1,41,2,0
12,-49,1,7,4,0
13,-48,1,34,4,0
14,-48,1,150,6,0
15,-47,1,57,9,0
16,-47,1,7,8,0
17,-47,1,12,10,0
18,-47,1,15,10,0
19,-47,1,38,6,0
20,-47,1,120,8,0
21,-47,1,6,8,0
22,-47,1,40,6,0
23,-46,1,1,8,0
24,-46,1,43,8,0
25,-45,1,499,8,0
26,-44,1,19,7,0
27,-43,1,49,9,0
28,-43,1,1,4,0
29,-43,1,229,3,0
30,-42,1,186,8,0
31,-41,1,166,12,0
32,-41,1,125,8,0
33,-41,1,46,4,0
34,-41,1,18,7,0
35,-41,1,20,6,0
36,-40,1,9,2,0
37,-39,1,175,2,0
38,-39,1,44,4,0
39,-38,1,0,3,0
40,-37,1,49,2,0
41,-37,1,55,8,0
42,-37,1,244,10,0
43,-36,1,7,5,0
44,-36,1,5,6,0
45,-36,1,59,3,0
46,-36,1,46,2,0
47,-36,1,53,8,0
48,-36,1,45,3,0
49,-36,1,33,8,0
50,-36,1,110,10,0
51,-36,1,15,4,0
52,-36,1,13,8,0
53,-36,1,99,10,0
54,-35,1,172,4,0
55,-34,1,22,9,0
56,-33,1,9,4,0
57,-33,1,6,7,0
58,-33,1,105,8,0
59,-33,1,3,10,0
60,-32,1,81,6,0
61,-31,1,392,1,0
62,-31,1,3,5,0
63,-31,1,268,6,0
64,-30,1,60,3,0
65,-29,1,31,4,0
66,-28,1,385,6,0
67,-27,1,127,2,0
68,-27,1,24,5,0
69,-26,1,37,4,0
70,-26,1,31,6,0
71,-25,1,35,2,0
72,-25,1,5,2,0
73,-25,1,10,12,0
74,-24,1,21,1,0
75,-24,1,339,8,0
76,-23,1,165,5,0
77,-22,1,29,6,0
78,-22,1,21,2,0
79,-21,1,181,8,0
80,-21,1,193,8,0
81,-20,1,70,11,0
82,-20,1,22,8,0
83,-20,1,1,8,0
84,-20,1,12,6,0
85,-20,1,32,10,0
86,-20,1,15,6,0
87,-20,1,25,5,0
88,-20,1,14,6,0
89,-19,1,205,8,0
90,-18,1,1,5,0
91,-17,1,43,4,0
92,-17,1,36,3,0
93,-16,1,1,5,0
94,-15,1,111,6,0
95,-15,1,21,9,0
96,-14,1,218,8,0
97,-14,1,161,11,0
98,-14,1,3,9,0
99,-14,1,6,6,0
100,-13,1,25,12,0
101,-13,1,79,5,0
102,-12,1,3,2,0
103,-11,1,24,6,0
104,-11,1,15,6,0
105,-11,1,414,5,0
106,-11,1,109,2,0
107,-10,1,40,6,0
108,-9,1,1,6,0
109,-9,1,29,4,0
110,-9,1,69,6,0
111,-9,1,9,8,0
112,-8,1,24,2,0
113,-7,1,2,5,0
114,-7,1,156,10,0
115,-7,1,192,4,0
116,-7,1,6,4,0
117,-7,1,496,6,0
118,-7,1,201,7,0
119,-7,1,175,4,0
120,-7,1,1,3,0
121,-7,1,146,9,0
122,-7,1,65,8,0
123,-7,1,38,4,0
124,-7,1,5,4,0
125,-7,1,199,9,0
126,-7,1,50,6,0
127,-7,1,434,2,0
128,-6,1,27,8,0
129,-6,1,76,8,0
130,-6,1,48,10,0
131,-5,1,468,3,0
132,-5,1,3,10,0
133,-4,1,171,8,0
134,-4,1,49,9,0
135,-4,1,291,4,0
136,-4,1,93,9,0
137,-4,1,260,11,0
138,-4,1,42,4,0
139,-3,1,26,3,0
140,-3,1,12,5,0
141,-3,1,13,9,0
142,-3,1,89,1,0
143,-2,1,153,9,0
144,-2,1,4,12,0
145,-2,1,111,10,0
146,-2,1,6,6,0
147,-2,1,35,8,0
148,-2,1,36,5,0
149,-2,1,44,9,0
150,-2,1,12,6,0
151,-1,1,48,8,0
152,-1,1,130,5,0
153,-50,1,10,4,0
154,-50,1,185,6,0
155,-50,1,15,2,0
156,-49,1,63,8,0
157,-49,1,19,9,0
158,-48,1,45,9,0
159,-48,1,11,6,0
160,-48,1,18,6,0
161,-47,1,146,5,0
162,-47,1,277,11,0
163,-46,1,109,6,0
164,-45,1,20,10,0
165,-45,1,65,8,0
166,-45,1,19,2,0
167,-45,1,13,4,0
168,-45,1,22,5,0
169,-44,1,27,8,0
170,-44,1,83,5,0
171,-44,1,21,10,0
172,-44,1,28,4,0
173,-44,1,39,1,0
174,-44,1,2,9,0
175,-43,1,175,8,0
176,-43,1,0,3,0
177,-43,1,157,6,0
178,-43,1,171,3,0
179,-43,1,10,9,0
180,-43,1,201,12,0
181,-43,1,14,8,0
182,-43,1,1,9,0
183,-42,1,150,4,0
184,-42,1,23,6,0
185,-42,1,41,4,0
186,-42,1,38,5,0
187,-42,1,163,2,0
188,-42,1,246,8,0
189,-42,1,47,4,0
190,-41,1,112,8,0
191,-41,1,176,5,0
192,-41,1,38,12,0
193,-41,1,418,5,0
194,-41,1,29,9,0
195,-41,1,178,8,0
196,-41,1,26,5,0
197,-40,1,49,8,0
198,-40,1,39,2,0
199,-40,1,41,1,0
200,-40,1,35,4,0
201,-40,1,47,10,0
202,-40,1,192,11,0
203,-40,1,36,3,0
204,-40,1,128,10,0
205,-40,1,188,4,0
206,-40,1,4,3,0
207,-40,1,77,6,0
208,-40,1,354,1,0
209,-40,1,32,3,0
210,-40,1,5,8,0
211,-40,1,106,8,0
212,-40,1,11,4,0
213,-40,1,37,4,0
214,-40,1,174,7,0
215,-39,1,39,10,0
216,-39,1,256,5,0
217,-39,1,168,3,0
218,-38,1,102,12,0
219,-37,1,0,6,0
220,-36,1,105,5,0
221,-36,1,14,10,0
222,-36,1,44,10,0
223,-36,1,164,4,0
224,-36,1,142,4,0
225,-36,1,79,2,0
226,-35,1,60,4,0
227,-34,1,4,6,0
228,-33,1,26,8,0
229,-33,1,7,10,0
230,-32,1,26,8,0
231,-32,1,203,6,0
232,-32,1,190,10,0
233,-32,1,108,9,0
234,-32,1,20,4,0
235,-32,1,2,7,0
236,-32,1,16,3,0
237,-31,1,11,10,0
238,-31,1,14,10,0
239,-31,1,3,4,0
240,-31,1,4,4,0
241,-30,1,32,9,0
242,-29,1,33,8,0
243,-29,1,128,5,0
244,-28,1,195,11,0
245,-28,1,96,8,0
246,-28,1,413,10,0
247,-28,1,4,5,0
248,-27,1,6,5,0
249,-27,1,31,9,0
250,-26,1,36,3,0
251,-26,1,150,3,0
252,-26,1,22,2,0
253,-26,1,282,12,0
254,-26,1,45,2,0
255,-26,1,7,10,0
256,-26,1,6,2,0
257,-26,1,30,8,0
258,-26,1,17,2,0
259,-25,1,57,6,0
260,-24,1,18,6,0
261,-24,1,47,3,0
262,-24,1,11,10,0
263,-23,1,369,5,0
264,-23,1,27,1,0
265,-22,1,6,5,0
266,-22,1,4,6,0
267,-22,1,23,9,0
268,-22,1,17,5,0
269,-22,1,40,6,0
270,-22,1,10,10,0
271,-21,1,119,5,0
272,-21,1,2,2,0
273,-21,1,170,8,0
274,-20,1,22,7,0
275,-20,1,3,7,0
276,-20,1,193,8,0
277,-19,1,1,10,0
278,-19,1,153,1,0
279,-19,1,117,8,0
280,-19,1,63,8,0
281,-18,1,0,7,0
282,-18,1,55,6,0
283,-17,1,37,7,0
284,-17,1,82,6,0
285,-16,1,49,4,0
286,-16,1,109,4,0
287,-16,1,46,8,0
288,-16,1,168,8,0
289,-15,1,30,1,0
290,-15,1,1,6,0
291,-14,1,87,8,0
292,-14,1,57,7,0
293,-14,1,39,7,0
294,-14,1,19,11,0
295,-14,1,59,8,0
296,-14,1,14,1,0
297,-14,1,323,3,0
298,-14,1,13,6,0
299,-13,1,1,4,0
300,-13,1,36,4,0
301,-13,1,5,7,0
302,-12,1,43,11,0
303,-12,1,17,9,0
304,-12,1,6,6,0
305,-12,1,193,10,0
306,-12,1,398,6,0
307,-11,1,11,3,0
308,-11,1,42,2,0
309,-10,1,0,2,0
310,-10,1,232,10,0
311,-10,1,149,3,0
312,-10,1,14,9,0
313,-10,1,360,11,0
314,-9,1,37,2,0
315,-9,1,29,6,0
316,-9,1,2,8,0
317,-8,1,132,8,0
318,-8,1,126,8,0
319,-8,1,25,4,0
320,-8,1,34,2,0
321,-8,1,110,8,0
322,-8,1,198,11,0
323,-8,1,29,6,0
324,-7,1,143,3,0
325,-7,1,115,11,0
326,-7,1,1,5,0
327,-6,1,18,12,0
328,-6,1,104,6,0
329,-5,1,16,12,0
330,-5,1,19,12,0
331,-5,1,4,6,0
332,-5,1,10,4,0
333,-5,1,8,8,0
334,-5,1,219,10,0
335,-5,1,43,2,0
336,-4,1,187,9,0
337,-4,1,27,8,0
338,-4,1,15,4,0
339,-4,1,25,7,0
340,-3,1,28,9,0
341,-2,1,11,6,0
342,-2,1,36,6,0
343,-2,1,49,1,0
344,-2,1,32,5,0
345,-1,1,10,10,0
346,-50,1,24,7,0
347,-50,1,410,4,0
348,-50,1,114,4,0
349,-50,1,221,2,0
350,-50,1,30,9,0
351,-50,1,38,4,0
352,-50,1,17,10,0
353,-50,1,12,10,0
354,-50,1,129,6,0
355,-50,1,62,8,0
356,-50,1,409,4,0
357,-50,1,10,12,0
358,-49,1,39,8,0
359,-49,1,3,8,0
360,-49,1,242,1,0
361,-49,1,4,8,0
362,-49,1,186,2,0
363,-49,1,314,10,0
364,-48,1,0,4,0
365,-48,1,18,2,0
366,-48,1,204,10,0
367,-48,1,9,3,0
368,-47,1,344,10,0
369,-47,1,179,12,0
370,-46,1,252,6,0
371,-45,1,53,3,0
372,-44,1,8,7,0
373,-43,1,179,10,0
374,-43,1,44,6,0
375,-43,1,145,10,0
376,-43,1,222,6,0
377,-43,1,159,8,0
378,-43,1,10,3,0
379,-43,1,183,5,0
380,-42,1,5,5,0
381,-42,1,140,10,0
382,-42,1,449,7,0
383,-42,1,53,4,0
384,-41,1,11,10,0
385,-41,1,210,3,0
386,-41,1,30,4,0
387,-41,1,99,12,0
388,-40,1,9,10,0
389,-40,1,44,6,0
390,-40,1,12,11,0
391,-40,1,29,8,0
392,-40,1,27,8,0
393,-40,1,84,8,0
394,-40,1,10,6,0
395,-40,1,87,5,0
396,-40,1,8,11,0
397,-39,1,493,4,0
398,-39,1,298,10,0
399,-39,1,117,1,0
400,-38,1,138,10,0
401,-37,1,78,8,0
402,-37,1,196,2,0
403,-37,1,28,4,0
404,-37,1,87,10,0
405,-37,1,164,10,0
406,-37,1,23,10,0
407,-37,1,198,10,0
408,-36,1,65,5,0
409,-36,1,3,4,0
410,-35,1,104,4,0
411,-34,1,21,6,0
412,-34,1,287,8,0
413,-33,1,123,6,0
414,-33,1,191,10,0
415,-33,1,1,2,0
416,-33,1,224,8,0
417,-32,1,16,8,0
418,-32,1,153,9,0
419,-32,1,440,2,0
420,-32,1,7,2,0
421,-31,1,223,5,0
422,-30,1,24,5,0
423,-30,1,68,4,0
424,-30,1,38,8,0
425,-30,1,181,8,0
426,-30,1,14,7,0
427,-30,1,99,11,0
428,-30,1,0,3,0
429,-30,1,165,4,0
430,-30,1,19,9,0
431,-29,1,101,6,0
432,-29,1,65,7,0
433,-28,1,57,11,0
434,-27,1,41,9,0
435,-27,1,447,8,0
436,-27,1,95,6,0
437,-27,1,47,12,0
438,-27,1,364,4,0
439,-27,1,37,6,0
440,-26,1,4,5,0
441,-26,1,3,4,0
442,-26,1,41,7,0
443,-25,1,355,8,0
444,-24,1,1,8,0
445,-24,1,49,4,0
446,-24,1,7,8,0
447,-24,1,17,2,0
448,-24,1,43,4,0
449,-24,1,20,4,0
450,-24,1,9,8,0
451,-24,1,33,7,0
452,-23,1,112,10,0
453,-22,1,226,6,0
454,-22,1,0,8,0
455,-22,1,23,3,0
456,-21,1,163,8,0
457,-20,1,4,6,0
458,-20,1,167,3,0
459,-20,1,10,10,0
460,-20,1,393,8,0
461,-19,1,30,1,0
462,-19,1,42,8,0
463,-19,1,8,6,0
464,-19,1,10,10,0
465,-19,1,15,7,0
466,-18,1,191,10,0
467,-17,1,14,4,0
468,-17,1,8,7,0
469,-17,1,34,6,0
470,-17,1,23,4,0
471,-17,1,11,4,0
472,-17,1,2,8,0
473,-17,1,15,6,0
474,-17,1,28,6,0
475,-16,1,20,4,0
476,-16,1,138,9,0
477,-15,1,0,12,0
478,-15,1,59,12,0
479,-15,1,6,5,0
480,-14,1,165,10,0
481,-14,1,28,6,0
482,-14,1,100,7,0
483,-13,1,154,4,0
484,-12,1,143,11,0
485,-12,1,40,9,0
486,-12,1,171,3,0
487,-12,1,14,8,0
488,-12,1,28,10,0
489,-11,1,4,6,0
490,-10,1,211,6,0
491,-10,1,31,8,0
492,-10,1,12,10,0
493,-9,1,32,12,0
494,-9,1,63,12,0
495,-9,1,127,4,0
496,-9,1,23,5,0
497,-9,1,20,5,0
498,-8,1,22,5,0
499,-7,1,8,7,0
500,-6,1,98,9,0
501,-5,1,10,8,0
502,-5,1,44,11,0
503,-5,1,0,3,0
504,-4,1,159,9,0
505,-4,1,327,9,0
506,-3,1,4,6,0
507,-2,1,172,3,0
508,-1,1,85,5,0
509,-1,1,15,7,0
510,-50,1,440,4,0
511,-49,1,32,8,0
512,-49,1,35,6,0
513,-49,1,15,1,0
514,-49,1,1,6,0
515,-49,1,193,5,0
516,-49,1,208,9,0
517,-49,1,48,8,0
518,-49,1,113,7,0
519,-48,1,0,6,0
520,-47,1,35,8,0
521,-47,1,9,2,0
522,-46,1,1,8,0
523,-46,1,17,12,0
524,-46,1,71,6,0
525,-46,1,131,7,0
526,-46,1,110,8,0
527,-45,1,33,6,0
528,-45,1,35,6,0
529,-45,1,5,10,0
530,-44,1,3,10,0
531,-44,1,45,5,0
532,-44,1,37,10,0
533,-43,1,7,6,0
534,-43,1,24,6,0
535,-43,1,8,6,0
536,-43,1,1,6,0
537,-43,1,19,6,0
538,-42,1,9,4,0
539,-41,1,21,4,0
540,-41,1,4,2,0
541,-41,1,177,6,0
542,-40,1,178,6,0
543,-40,1,15,10,0
544,-40,1,44,8,0
545,-40,1,6,1,0
546,-40,1,45,1,0
547,-40,1,57,8,0
548,-40,1,77,4,0
549,-40,1,13,5,0
550,-40,1,5,9,0
551,-40,1,192,8,0
552,-40,1,7,5,0
553,-39,1,105,6,0
554,-39,1,94,2,0
555,-39,1,36,7,0
556,-39,1,172,10,0
557,-39,1,2,2,0
558,-39,1,178,6,0
559,-38,1,157,8,0
560,-37,1,48,6,0
561,-37,1,32,4,0
562,-37,1,25,10,0
563,-37,1,43,3,0
564,-37,1,3,10,0
565,-36,1,33,6,0
566,-36,1,47,9,0
567,-36,1,79,6,0
568,-35,1,14,6,0
569,-35,1,43,6,0
570,-35,1,5,8,0
571,-35,1,64,9,0
572,-35,1,31,8,0
573,-34,1,16,5,0
574,-34,1,13,4,0
575,-34,1,58,4,0
576,-34,1,1,7,0
577,-34,1,0,2,0
578,-33,1,11,6,0
579,-33,1,0,8,0
580,-33,1,3,10,0
581,-32,1,16,7,0
582,-31,1,8,10,0
583,-30,1,9,2,0
584,-30,1,99,10,0
585,-30,1,0,2,0
586,-30,1,238,5,0
587,-30,1,37,8,0
588,-29,1,92,6,0
589,-29,1,439,12,0
590,-28,1,5,8,0
591,-27,1,14,5,0
592,-27,1,29,4,0
593,-27,1,35,8,0
594,-27,1,351,12,0
595,-27,1,132,5,0
596,-26,1,36,7,0
597,-26,1,59,8,0
598,-26,1,27,10,0
599,-26,1,173,9,0
600,-26,1,24,4,0
601,-25,1,8,6,0
602,-25,1,3,4,0
603,-25,1,96,6,0
604,-25,1,34,11,0
605,-25,1,31,8,0
606,-25,1,128,4,0
607,-25,1,192,7,0
608,-25,1,15,2,0
609,-25,1,41,10,0
610,-25,1,0,8,0
611,-24,1,157,8,0
612,-24,1,329,6,0
613,-24,1,28,10,0
614,-24,1,6,8,0
615,-23,1,29,6,0
616,-23,1,8,10,0
617,-23,1,387,6,0
618,-23,1,188,8,0
619,-22,1,0,6,0
620,-22,1,151,8,0
621,-22,1,112,3,0
622,-22,1,34,2,0
623,-22,1,35,5,0
624,-22,1,127,3,0
625,-22,1,120,3,0
626,-21,1,184,6,0
627,-21,1,172,6,0
628,-21,1,120,4,0
629,-21,1,36,3,0
630,-21,1,4,8,0
631,-20,1,19,12,0
632,-20,1,45,6,0
633,-20,1,230,11,0
634,-20,1,31,5,0
635,-20,1,13,6,0
636,-20,1,36,10,0
637,-20,1,92,6,0
638,-20,1,42,9,0
639,-19,1,16,12,0
640,-18,1,18,7,0
641,-18,1,329,7,0
642,-18,1,99,10,0
643,-18,1,2,10,0
644,-17,1,197,8,0
645,-17,1,45,4,0
646,-16,1,13,4,0
647,-16,1,122,4,0
648,-15,1,169,6,0
649,-15,1,14,8,0
650,-14,1,34,3,0
651,-14,1,3,6,0
652,-14,1,0,1,0
653,-14,1,16,6,0
654,-14,1,36,4,0
655,-14,1,11,8,0
656,-14,1,72,7,0
657,-13,1,21,10,0
658,-13,1,37,10,0
659,-13,1,26,9,0
660,-13,1,2,4,0
661,-13,1,38,5,0
662,-12,1,4,4,0
663,-12,1,0,7,0
664,-12,1,24,6,0
665,-12,1,1,8,0
666,-12,1,57,7,0
667,-11,1,115,3,0
668,-10,1,134,6,0
669,-10,1,94,12,0
670,-10,1,67,6,0
671,-10,1,41,9,0
672,-10,1,8,9,0
673,-10,1,2,8,0
674,-9,1,36,3,0
675,-9,1,174,8,0
676,-9,1,14,6,0
677,-9,1,1,6,0
678,-9,1,26,2,0
679,-9,1,34,5,0
680,-9,1,32,4,0
681,-8,1,137,2,0
682,-8,1,136,10,0
683,-7,1,17,8,0
684,-7,1,153,8,0
685,-6,1,22,5,0
686,-6,1,18,5,0
687,-6,1,36,10,0
688,-5,1,30,4,0
689,-4,1,3,10,0
690,-4,1,142,8,0
691,-4,1,13,9,0
692,-3,1,49,2,0
693,-2,1,5,10,0
694,-1,1,19,5,0
695,-1,1,83,8,0
696,-50,1,39,2,0
697,-50,1,6,7,0
698,-50,1,2,10,0
699,-50,1,131,8,0
700,-49,1,324,5,0
701,-49,1,158,8,0
702,-49,1,26,3,0
703,-49,1,47,6,0
704,-49,1,11,6,0
705,-48,1,46,6,0
706,-48,1,126,4,0
707,-47,1,53,7,0
708,-46,1,42,5,0
709,-45,1,190,8,0
710,-44,1,195,8,0
711,-44,1,64,4,0
712,-44,1,8,1,0
713,-44,1,143,6,0
714,-44,1,10,4,0
715,-43,1,35,9,0
716,-43,1,5,6,0
717,-43,1,113,10,0
718,-43,1,143,8,0
719,-42,1,19,4,0
720,-41,1,33,8,0
721,-41,1,132,10,0
722,-41,1,4,8,0
723,-41,1,79,9,0
724,-41,1,26,12,0
725,-41,1,6,2,0
726,-41,1,17,4,0
727,-40,1,42,6,0
728,-40,1,3,4,0
729,-40,1,88,8,0
730,-40,1,18,6,0
731,-40,1,20,8,0
732,-39,1,39,8,0
733,-39,1,38,8,0
734,-39,1,45,4,0
735,-38,1,178,5,0
736,-37,1,12,6,0
737,-37,1,9,10,0
738,-37,1,311,5,0
739,-37,1,455,12,0
740,-37,1,139,8,0
741,-37,1,14,5,0
742,-37,1,134,8,0
743,-37,1,196,10,0
744,-37,1,56,7,0
745,-37,1,7,9,0
746,-37,1,19,6,0
747,-37,1,132,2,0
748,-37,1,188,9,0
749,-37,1,15,2,0
750,-36,1,27,5,0
751,-36,1,34,2,0
752,-35,1,81,12,0
753,-34,1,30,9,0
754,-33,1,89,2,0
755,-33,1,326,9,0
756,-33,1,40,12,0
757,-32,1,162,4,0
758,-32,1,60,6,0
759,-32,1,14,4,0
760,-32,1,21,6,0
761,-32,1,4,6,0
762,-32,1,149,9,0
763,-32,1,31,4,0
764,-32,1,20,11,0
765,-31,1,85,9,0
766,-31,1,47,5,0
767,-31,1,5,11,0
768,-31,1,1,12,0
769,-30,1,63,9,0
770,-30,1,17,10,0
771,-30,1,47,9,0
772,-29,1,124,10,0
773,-29,1,173,7,0
774,-29,1,150,5,0
775,-29,1,126,4,0
776,-28,1,25,8,0
777,-28,1,23,8,0
778,-28,1,8,11,0
779,-27,1,95,7,0
780,-27,1,14,10,0
781,-26,1,140,6,0
782,-25,1,23,10,0
783,-24,1,16,5,0
784,-24,1,29,5,0
785,-23,1,84,9,0
786,-23,1,50,6,0
787,-22,1,152,6,0
788,-21,1,8,9,0
789,-21,1,50,2,0
790,-21,1,2,6,0
791,-21,1,0,12,0
792,-20,1,95,9,0
793,-19,1,4,7,0
794,-19,1,19,11,0
795,-19,1,48,6,0
796,-18,1,5,2,0
797,-17,1,12,10,0
798,-17,1,97,6,0
799,-17,1,180,2,0
800,-17,1,49,6,0
801,-17,1,33,8,0
802,-17,1,128,2,0
803,-17,1,19,3,0
804,-17,1,3,1,0
805,-16,1,14,7,0
806,-15,1,38,6,0
807,-14,1,22,2,0
808,-14,1,124,6,0
809,-14,1,51,6,0
810,-14,1,192,8,0
811,-14,1,35,4,0
812,-14,1,40,4,0
813,-14,1,60,8,0
814,-14,1,174,8,0
815,-14,1,43,4,0
816,-14,1,103,6,0
817,-14,1,25,8,0
818,-14,1,403,4,0
819,-14,1,12,10,0
820,-14,1,123,11,0
821,-14,1,9,7,0
822,-14,1,11,8,0
823,-14,1,1,6,0
824,-14,1,303,10,0
825,-13,1,79,11,0
826,-13,1,163,12,0
827,-13,1,0,8,0
828,-13,1,76,12,0
829,-13,1,68,8,0
830,-12,1,31,6,0
831,-12,1,33,8,0
832,-12,1,0,6,0
833,-12,1,113,10,0
834,-11,1,38,5,0
835,-10,1,0,3,0
836,-10,1,226,10,0
837,-9,1,35,8,0
838,-9,1,183,12,0
839,-9,1,231,6,0
840,-9,1,43,9,0
841,-9,1,13,11,0
842,-9,1,180,9,0
843,-9,1,120,10,0
844,-8,1,52,8,0
845,-7,1,28,10,0
846,-6,1,405,10,0
847,-5,1,33,2,0
848,-4,1,0,4,0
849,-3,1,11,11,0
850,-2,1,151,6,0
851,-2,1,12,6,0
852,-2,1,34,7,0
853,-2,1,111,5,0
854,-2,1,26,8,0
855,-2,1,17,10,0
856,-2,1,46,8,0
857,-2,1,247,1,0
858,-1,1,126,4,0
859,-1,1,205,7,0
860,-50,1,70,6,0
861,-50,1,147,5,0
862,-50,1,35,5,0
863,-49,1,31,6,0
864,-49,1,9,2,0
865,-49,1,1,9,0
866,-49,1,22,5,0
867,-48,1,130,8,0
868,-48,1,3,11,0
869,-48,1,10,1,0
870,-47,1,52,10,0
871,-47,1,145,8,0
872,-47,1,81,6,0
873,-47,1,43,6,0
874,-47,1,3,10,0
875,-47,1,53,7,0
876,-47,1,96,8,0
877,-47,1,2,6,0
878,-47,1,17,6,0
879,-47,1,7,2,0
880,-47,1,6,8,0
881,-47,1,20,8,0
882,-47,1,76,5,0
883,-47,1,47,8,0
884,-46,1,152,6,0
885,-46,1,95,5,0
886,-46,1,91,12,0
887,-46,1,57,11,0
888,-46,1,60,2,0
889,-45,1,88,5,0
890,-45,1,1,7,0
891,-45,1,104,2,0
892,-45,1,26,8,0
893,-45,1,34,4,0
894,-45,1,46,9,0
895,-45,1,10,12,0
896,-45,1,186,2,0
897,-45,1,0,4,0
898,-45,1,75,12,0
899,-45,1,311,5,0
900,-45,1,192,3,0
901,-44,1,194,6,0
902,-44,1,11,5,0
903,-43,1,9,6,0
904,-43,1,111,4,0
905,-43,1,453,4,0
906,-43,1,3,8,0
907,-43,1,6,4,0
908,-43,1,27,4,0
909,-43,1,183,6,0
910,-43,1,39,9,0
911,-43,1,42,6,0
912,-42,1,19,6,0
913,-42,1,48,12,0
914,-42,1,6,4,0
915,-42,1,16,7,0
916,-42,1,10,3,0
917,-41,1,338,6,0
918,-41,1,9,8,0
919,-41,1,138,12,0
920,-41,1,402,9,0
921,-41,1,8,6,0
922,-41,1,2,9,0
923,-41,1,12,4,0
924,-41,1,4,4,0
925,-41,1,0,2,0
926,-40,1,158,12,0
927,-40,1,57,4,0
928,-39,1,3,11,0
929,-39,1,24,11,0
930,-39,1,17,3,0
931,-39,1,191,7,0
932,-38,1,28,6,0
933,-38,1,69,5,0
934,-38,1,299,4,0
935,-38,1,4,11,0
936,-38,1,41,4,0
937,-38,1,14,2,0
938,-38,1,111,10,0
939,-38,1,194,10,0
940,-37,1,4,8,0
941,-37,1,30,9,0
942,-36,1,70,4,0
943,-35,1,53,8,0
944,-34,1,48,8,0
945,-34,1,133,11,0
946,-34,1,4,8,0
947,-33,1,304,4,0
948,-33,1,15,8,0
949,-33,1,34,10,0
950,-32,1,37,4,0
951,-32,1,0,6,0
952,-31,1,25,8,0
953,-31,1,83,7,0
954,-30,1,106,8,0
955,-30,1,24,10,0
956,-29,1,104,6,0
957,-29,1,16,4,0
958,-29,1,22,3,0
959,-29,1,1,6,0
960,-29,1,4,8,0
961,-28,1,103,8,0
962,-27,1,124,6,0
963,-27,1,18,6,0
964,-26,1,1,8,0
965,-26,1,101,5,0
966,-25,1,135,9,0
967,-25,1,34,4,0
968,-25,1,5,8,0
969,-24,1,13,8,0
970,-24,1,59,10,0
971,-24,1,145,11,0
972,-23,1,49,4,0
973,-23,1,386,11,0
974,-23,1,5,4,0
975,-23,1,40,6,0
976,-22,1,1,3,0
977,-21,1,157,4,0
978,-20,1,193,6,0
979,-19,1,186,6,0
980,-18,1,52,8,0
981,-18,1,426,10,0
982,-18,1,1,4,0
983,-17,1,2,7,0
984,-17,1,68,9,0
985,-17,1,15,4,0
986,-16,1,34,7,0
987,-15,1,68,10,0
988,-15,1,0,8,0
989,-15,1,29,6,0
990,-15,1,20,12,0
991,-14,1,390,12,0
992,-14,1,41,3,0
993,-14,1,11,10,0
994,-13,1,102,1,0
995,-13,1,40,7,0
996,-13,1,23,6,0
997,-13,1,29,5,0
998,-13,1,89,10,0
999,-13,1,136,7,0
1000,-13,1,31,8,0
1001,-13,1,192,6,0
1002,-13,1,137,11,0
1003,-13,1,465,10,0
1004,-13,1,180,8,0
1005,-13,1,17,12,0
1006,-13,1,77,9,0
1007,-12,1,19,9,0
1008,-12,1,480,8,0
1009,-12,1,42,6,0
1010,-12,1,13,9,0
1011,-11,1,23,6,0
1012,-11,1,96,3,0
1013,-11,1,113,6,0
1014,-11,1,41,6,0
1015,-11,1,145,8,0
1016,-11,1,156,4,0
1017,-10,1,7,6,0
1018,-10,1,71,5,0
1019,-10,1,120,12,0
1020,-10,1,137,10,0
1021,-9,1,21,6,0
1022,-8,1,109,3,0
1023,-8,1,102,5,0
1024,-7,1,42,8,0
1025,-7,1,43,8,0
1026,-7,1,23,9,0
1027,-7,1,32,10,0
1028,-7,1,149,6,0
1029,-7,1,21,12,0
1030,-7,1,13,2,0
1031,-6,1,1,6,0
1032,-6,1,145,8,0
1033,-6,1,374,12,0
1034,-5,1,35,5,0
1035,-5,1,379,6,0
1036,-5,1,458,7,0
1037,-5,1,2,6,0
1038,-4,1,49,6,0
1039,-4,1,139,12,0
1040,-4,1,59,7,0
1041,-4,1,189,4,0
1042,-4,1,1,4,0
1043,-4,1,13,4,0
1044,-4,1,92,6,0
1045,-4,1,136,3,0
1046,-4,1,19,10,0
1047,-3,1,11,10,0
1048,-3,1,196,6,0
1049,-3,1,1,12,0
1050,-3,1,318,4,0
1051,-3,1,37,8,0
1052,-3,1,176,7,0
1053,-2,1,74,10,0
1054,-2,1,289,8,0
1055,-1,1,5,3,0
1056,-50,1,68,5,0
1057,-50,1,10,7,0
1058,-49,1,198,12,0
1059,-49,1,212,6,0
1060,-48,1,2,5,0
1061,-48,1,7,9,0
1062,-47,1,25,7,0
1063,-47,1,2,10,0
1064,-47,1,285,2,0
1065,-47,1,31,5,0
1066,-47,1,42,9,0
1067,-47,1,0,7,0
1068,-46,1,3,6,0
1069,-45,1,31,8,0
1070,-44,1,43,5,0
1071,-44,1,146,6,0
1072,-44,1,12,6,0
1073,-44,1,42,7,0
1074,-44,1,169,6,0
1075,-44,1,56,6,0
1076,-44,1,96,4,0
1077,-44,1,29,8,0
1078,-43,1,38,6,0
1079,-43,1,85,4,0
1080,-43,1,0,3,0
1081,-43,1,6,2,0
1082,-42,1,27,10,0
1083,-42,1,111,5,0
1084,-42,1,13,8,0
1085,-42,1,309,9,0
1086,-42,1,24,6,0
1087,-41,1,21,10,0
1088,-40,1,189,12,0
1089,-40,1,35,8,0
1090,-40,1,140,12,0
1091,-40,1,6,5,0
1092,-39,1,42,8,0
1093,-39,1,14,6,0
1094,-39,1,11,10,0
1095,-39,1,5,5,0
1096,-39,1,285,7,0
1097,-39,1,73,4,0
1098,-39,1,10,5,0
1099,-38,1,167,10,0
1100,-38,1,87,6,0
1101,-37,1,64,7,0
1102,-37,1,1,12,0
1103,-36,1,7,4,0
1104,-36,1,12,6,0
1105,-35,1,1,5,0
1106,-35,1,5,2,0
1107,-34,1,130,4,0
1108,-34,1,78,4,0
1109,-33,1,1,2,0
1110,-32,1,142,4,0
1111,-32,1,28,6,0
1112,-32,1,153,4,0
1113,-32,1,8,3,0
1114,-32,1,35,4,0
1115,-32,1,98,7,0
1116,-32,1,9,8,0
1117,-31,1,46,2,0
1118,-31,1,383,10,0
1119,-31,1,195,4,0
1120,-31,1,2,2,0
1121,-31,1,18,4,0
1122,-31,1,87,10,0
1123,-31,1,184,8,0
1124,-30,1,3,2,0
1125,-30,1,1,8,0
1126,-30,1,20,8,0
1127,-30,1,164,6,0
1128,-30,1,12,10,0
1129,-30,1,65,6,0
1130,-30,1,148,5,0
1131,-30,1,10,7,0
1132,-29,1,17,9,0
1133,-29,1,81,2,0
1134,-28,1,37,2,0
1135,-28,1,150,3,0
1136,-28,1,17,10,0
1137,-27,1,71,4,0
1138,-27,1,32,4,0
1139,-27,1,477,5,0
1140,-27,1,483,4,0
1141,-26,1,84,2,0
1142,-26,1,109,8,0
1143,-25,1,27,7,0
1144,-24,1,0,11,0
1145,-24,1,13,10,0
1146,-23,1,235,10,0
1147,-22,1,478,8,0
1148,-22,1,17,10,0
1149,-22,1,178,2,0
1150,-22,1,6,9,0
1151,-22,1,10,4,0
1152,-22,1,186,8,0
1153,-21,1,17,8,0
1154,-21,1,21,10,0
1155,-21,1,299,8,0
1156,-20,1,63,10,0
1157,-20,1,114,9,0
1158,-20,1,49,6,0
1159,-20,1,8,5,0
1160,-20,1,78,4,0
1161,-20,1,125,2,0
1162,-20,1,118,4,0
1163,-20,1,2,10,0
1164,-19,1,4,8,0
1165,-19,1,447,10,0
1166,-18,1,14,8,0
1167,-18,1,97,4,0
1168,-17,1,100,8,0
1169,-17,1,7,7,0
1170,-17,1,0,7,0
1171,-16,1,32,8,0
1172,-16,1,5,5,0
1173,-15,1,177,4,0
1174,-15,1,6,9,0
1175,-14,1,34,9,0
1176,-14,1,339,4,0
1177,-13,1,16,8,0
1178,-13,1,247,4,0
1179,-13,1,47,1,0
1180,-13,1,3,10,0
1181,-13,1,29,9,0
1182,-13,1,26,4,0
1183,-13,1,298,9,0
1184,-13,1,24,3,0
1185,-12,1,138,12,0
1186,-12,1,10,8,0
1187,-12,1,37,8,0
1188,-12,1,6,12,0
1189,-12,1,358,6,0
1190,-12,1,342,2,0
1191,-12,1,109,7,0
1192,-11,1,37,10,0
1193,-11,1,13,12,0
1194,-11,1,95,6,0
1195,-10,1,96,8,0
1196,-9,1,194,3,0
1197,-9,1,10,4,0
1198,-9,1,0,4,0
1199,-9,1,12,2,0
1200,-9,1,3,7,0
1201,-9,1,18,5,0
1202,-9,1,91,5,0
1203,-9,1,79,2,0
1204,-8,1,413,6,0
1205,-7,1,280,9,0
1206,-7,1,40,3,0
1207,-6,1,5,5,0
1208,-6,1,49,2,0
1209,-6,1,66,3,0
1210,-6,1,6,10,0
1211,-6,1,12,5,0
1212,-6,1,254,2,0
1213,-6,1,245,12,0
1214,-6,1,39,10,0
1215,-6,1,197,6,0
1216,-5,1,93,8,0
1217,-5,1,65,10,0
1218,-4,1,153,4,0
1219,-4,1,8,10,0
1220,-4,1,12,10,0
1221,-3,1,85,3,0
1222,-2,1,150,5,0
1223,-1,1,225,5,0
1224,-1,1,29,6,0
1225,-1,1,16,6,0
1226,-1,1,63,4,0
1227,-1,1,62,9,0
1228,-1,1,44,12,0
1229,-1,1,15,3,0
1230,-50,1,28,4,0
1231,-49,1,41,5,0
1232,-49,1,4,4,0
1233,-49,1,36,4,0
1234,-48,1,21,10,0
1235,-48,1,53,8,0
1236,-48,1,15,8,0
1237,-47,1,0,10,0
1238,-46,1,14,9,0
1239,-45,1,0,1,0
1240,-44,1,65,10,0
1241,-44,1,33,8,0
1242,-44,1,11,10,0
1243,-44,1,3,7,0
1244,-44,1,34,9,0
1245,-43,1,31,10,0
1246,-43,1,20,8,0
1247,-42,1,42,5,0
1248,-42,1,45,3,0
1249,-42,1,13,4,0
1250,-42,1,291,12,0
1251,-42,1,26,11,0
1252,-42,1,11,4,0
1253,-42,1,2,10,0
1254,-41,1,1,2,0
1255,-40,1,99,8,0
1256,-39,1,73,11,0
1257,-38,1,192,6,0
1258,-37,1,230,5,0
1259,-36,1,434,5,0
1260,-35,1,26,4,0
1261,-35,1,28,10,0
1262,-34,1,139,8,0
1263,-34,1,309,4,0
1264,-34,1,195,11,0
1265,-33,1,42,8,0
1266,-32,1,8,7,0
1267,-32,1,42,2,0
1268,-32,1,237,4,0
1269,-32,1,7,6,0
1270,-32,1,28,4,0
1271,-31,1,79,4,0
1272,-31,1,328,6,0
1273,-31,1,12,6,0
1274,-30,1,93,11,0
1275,-30,1,279,9,0
1276,-30,1,73,1,0
1277,-30,1,187,5,0
1278,-30,1,172,6,0
1279,-30,1,82,4,0
1280,-29,1,8,2,0
1281,-29,1,157,10,0
1282,-29,1,3,11,0
1283,-29,1,125,6,0
1284,-28,1,79,3,0
1285,-27,1,6,4,0
1286,-27,1,79,6,0
1287,-27,1,117,1,0
1288,-27,1,0,10,0
1289,-27,1,210,10,0
1290,-26,1,107,2,0
1291,-26,1,134,8,0
1292,-26,1,38,6,0
1293,-26,1,155,4,0
1294,-25,1,9,8,0
1295,-24,1,151,12,0
1296,-24,1,374,3,0
1297,-24,1,84,12,0
1298,-24,1,40,6,0
1299,-24,1,26,7,0
1300,-24,1,17,4,0
1301,-24,1,52,4,0
1302,-24,1,19,6,0
1303,-24,1,140,6,0
1304,-24,1,339,3,0
1305,-24,1,12,6,0
1306,-24,1,170,4,0
1307,-24,1,182,7,0
1308,-24,1,31,10,0
1309,-24,1,54,7,0
1310,-23,1,13,12,0
1311,-23,1,29,1,0
1312,-23,1,4,2,0
1313,-23,1,210,12,0
1314,-22,1,11,6,0
1315,-22,1,3,9,0
1316,-22,1,6,11,0
1317,-22,1,140,6,0
1318,-22,1,19,8,0
1319,-22,1,191,8,0
1320,-22,1,2,5,0
1321,-21,1,109,1,0
1322,-20,1,12,8,0
1323,-19,1,8,6,0
1324,-19,1,24,4,0
1325,-18,1,12,3,0
1326,-17,1,7,8,0
1327,-17,1,211,8,0
1328,-17,1,168,12,0
1329,-16,1,74,8,0
1330,-16,1,38,9,0
1331,-15,1,4,7,0
1332,-14,1,5,5,0
1333,-14,1,148,7,0
1334,-13,1,23,4,0
1335,-13,1,19,2,0
1336,-13,1,12,8,0
1337,-12,1,40,12,0
1338,-12,1,46,9,0
1339,-12,1,44,4,0
1340,-12,1,0,7,0
1341,-12,1,21,5,0
1342,-11,1,302,4,0
1343,-11,1,321,12,0
1344,-10,1,10,7,0
1345,-10,1,55,3,0
1346,-10,1,18,4,0
1347,-9,1,182,10,0
1348,-9,1,75,2,0
1349,-9,1,5,12,0
1350,-9,1,20,8,0
1351,-9,1,17,4,0
1352,-8,1,31,10,0
1353,-8,1,125,10,0
1354,-7,1,23,6,0
1355,-6,1,31,8,0
1356,-5,1,11,4,0
1357,-4,1,14,12,0
1358,-4,1,25,6,0
1359,-3,1,112,4,0
1360,-2,1,28,4,0
1361,-2,1,41,3,0
1362,-2,1,5,6,0
1363,-2,1,300,5,0
1364,-1,1,123,2,0
1365,0,1,24,8,480
1366,0,1,4,6,480
1367,0,1,3,4,480
1368,0,1,188,12,480
1369,1,1,220,1,480
1370,2,1,204,5,480
1371,2,1,19,9,480
1372,3,1,203,8,540
1373,3,1,20,8,540
1374,3,1,44,6,540
1375,3,1,7,7,540
1376,4,1,18,8,600
1377,4,1,21,4,600
1378,4,1,33,6,600
1379,5,1,19,11,600
1380,5,1,74,9,600
1381,5,1,11,6,600
1382,5,1,304,12,600
1383,6,1,7,10,600
1384,7,1,5,4,660
1385,7,1,33,6,660
1386,8,1,175,7,660
1387,8,1,25,10,660
1388,8,1,5,8,660
1389,8,1,11,4,660
1390,8,1,73,6,660
1391,8,1,26,5,660
1392,8,1,1,6,660
1393,8,1,42,8,660
1394,8,1,69,10,660
1395,8,1,41,5,660
1396,9,1,28,12,720
1397,9,1,33,11,720
1398,9,1,16,5,720
1399,9,1,103,6,720
1400,10,1,28,4,780
1401,11,1,8,3,780
1402,12,1,275,8,780
1403,12,1,15,3,780
1404,12,1,30,7,780
1405,13,1,101,6,840
1406,13,1,279,4,840
1407,13,1,176,4,840
1408,13,1,44,4,840
1409,13,1,16,3,840
1410,14,1,23,6,840
1411,14,1,5,8,840
1412,14,1,127,3,840
1413,15,1,178,8,840
1414,15,1,35,7,840
1415,16,1,64,8,900
1416,17,1,20,12,900
1417,17,1,51,5,900
1418,17,1,18,6,900
1419,17,1,170,6,900
1420,17,1,435,7,900
1421,18,1,7,7,960
1422,18,1,44,4,960
1423,19,1,33,9,960
1424,20,1,123,4,960
1425,20,1,23,7,960
1426,21,1,68,6,1080
1427,21,1,14,10,1080
1428,22,1,18,4,1080
1429,23,1,44,4,1140
1430,24,1,493,4,1140
1431,24,1,37,6,1140
1432,25,1,13,4,1200
1433,25,1,7,6,1200
1434,25,1,6,7,1200
1435,26,1,74,4,1260
1436,26,1,153,10,1260
1437,27,1,20,5,1380
1438,28,1,28,7,1560
1439,28,1,22,3,1560
1440,28,1,383,5,1560
1441,29,1,5,8,1620
1442,29,1,3,12,1620
1443,30,1,313,7,1620
1444,31,1,19,11,1680
1445,31,1,86,7,1680
1446,32,1,186,9,1680
1447,32,1,78,8,1680
1448,32,1,32,8,1680
1449,32,1,30,10,1680
1450,33,1,33,8,1740
1451,34,1,42,4,1860
1452,34,1,17,4,1860
1453,34,1,31,4,1860
1454,34,1,0,10,1860
1455,34,1,49,2,1860
1456,34,1,68,3,1860
1457,34,1,38,11,1860
1458,34,1,72,5,1860
1459,35,1,2,6,1860
1460,35,1,9,8,1860
1461,36,1,42,5,1920
1462,36,1,142,2,1920
1463,37,1,18,6,1920
1464,37,1,195,6,1920
1465,38,1,15,1,1980
1466,38,1,33,4,1980
1467,38,1,146,10,1980
1468,38,1,10,2,1980
1469,39,1,195,3,2040
1470,40,1,212,10,2040
1471,40,1,2,11,2040
1472,41,1,6,10,2040
1473,42,1,155,8,2160
1474,42,1,33,7,2160
1475,43,1,45,6,2160
1476,44,1,25,8,2160
1477,44,1,381,9,2160
1478,44,1,41,2,2160
1479,45,1,365,6,2220
1480,46,1,236,10,2220
1481,46,1,317,8,2220
1482,46,1,28,10,2220
1483,47,1,129,4,2220
1484,48,1,1,10,2220
1485,48,1,0,8,2220
1486,48,1,99,7,2220
1487,48,1,25,6,2220
1488,48,1,152,4,2220
1489,48,1,14,7,2220
1490,48,1,95,8,2220
1491,48,1,164,5,2220
1492,48,1,11,8,2220
1493,49,1,18,3,2220
1494,49,1,386,5,2220
1495,49,1,33,6,2220
1496,49,1,23,1,2220
1497,49,1,178,6,2220
1498,49,1,45,4,2220
1499,49,1,0,10,2220
1500,50,1,12,8,2280
1501,50,1,34,7,2280
1502,50,1,42,6,2280
1503,50,1,108,1,2280
1504,50,1,26,7,2280
1505,50,1,227,12,2280
1506,50,1,499,9,2280
1507,51,1,140,4,2340
1508,51,1,133,4,2340
1509,51,1,22,9,2340
1510,51,1,85,1,2340
1511,51,1,98,8,2340
1512,51,1,2,12,2340
1513,52,1,300,4,2340
1514,52,1,11,8,2340
1515,52,1,46,2,2340
1516,52,1,4,9,2340
1517,52,1,12,8,2340
1518,52,1,8,7,2340
1519,52,1,0,7,2340
1520,52,1,107,10,2340
1521,52,1,21,4,2340
1522,52,1,180,3,2340
1523,52,1,78,8,2340
1524,53,1,50,5,2400
1525,53,1,6,3,2400
1526,53,1,1,6,2400
1527,53,1,47,6,2400
1528,53,1,20,8,2400
1529,54,1,233,4,2400
1530,55,1,15,4,2400
1531,55,1,95,4,2400
1532,55,1,1,2,2400
1533,56,1,191,9,2400
1534,56,1,36,6,2400
1535,57,1,5,4,2400
1536,57,1,10,8,2400
1537,57,1,0,6,2400
1538,57,1,13,7,2400
1539,57,1,6,7,2400
1540,57,1,1,4,2400
1541,57,1,422,4,2400
1542,57,1,28,8,2400
1543,58,1,24,8,2580
1544,59,1,30,4,2580
1545,60,1,0,9,2580
1546,60,1,11,8,2580
1547,60,1,136,10,2580
1548,60,1,10,10,2580
1549,61,1,293,6,2640
1550,61,1,13,10,2640
1551,61,1,21,10,2640
1552,61,1,151,9,2640
1553,62,1,26,6,2640
1554,62,1,103,4,2640
1555,62,1,19,8,2640
1556,62,1,13,4,2640
1557,62,1,104,9,2640
1558,62,1,3,6,2640
1559,62,1,21,6,2640
1560,62,1,151,5,2640
1561,62,1,29,7,2640
1562,62,1,17,6,2640
1563,62,1,167,7,2640
1564,62,1,204,9,2640
1565,62,1,56,9,2640
1566,63,1,0,6,2640
1567,63,1,51,6,2640
1568,63,1,118,2,2640
1569,63,1,14,4,2640
1570,63,1,27,12,2640
1571,64,1,21,6,2760
1572,64,1,47,8,2760
1573,64,1,87,1,2760
1574,64,1,309,1,2760
1575,64,1,9,10,2760
1576,64,1,466,4,2760
1577,64,1,28,12,2760
1578,64,1,18,5,2760
1579,65,1,68,5,2760
1580,65,1,15,6,2760
1581,65,1,0,3,2760
1582,65,1,9,10,2760
1583,65,1,227,6,2760
1584,65,1,35,8,2760
1585,66,1,24,12,2940
1586,66,1,9,10,2940
1587,66,1,31,2,2940
1588,66,1,25,4,2940
1589,66,1,12,10,2940
1590,66,1,189,2,2940
1591,66,1,453,11,2940
1592,66,1,27,12,2940
1593,66,1,35,8,2940
1594,66,1,110,11,2940
1595,66,1,152,8,2940
1596,66,1,57,5,2940
1597,66,1,125,8,2940
1598,66,1,118,2,2940
1599,66,1,330,9,2940
1600,67,1,121,11,2940
1601,68,1,48,4,3060
1602,68,1,9,8,3060
1603,68,1,416,4,3060
1604,68,1,41,6,3060
1605,68,1,11,8,3060
1606,68,1,285,5,3060
1607,69,1,193,9,3060
1608,69,1,212,4,3060
1609,70,1,37,10,3120
1610,71,1,22,4,3180
1611,71,1,39,5,3180
1612,72,1,1,6,3300
1613,73,1,35,10,3300
1614,73,1,130,8,3300
1615,73,1,42,10,3300
1616,73,1,48,6,3300
1617,74,1,7,10,3360
1618,75,1,1,8,3360
1619,75,1,0,12,3360
1620,76,1,44,8,3360
1621,77,1,17,10,3360
1622,77,1,50,6,3360
1623,78,1,36,8,3480
1624,78,1,109,8,3480
1625,78,1,38,8,3480
1626,79,1,223,5,3480
1627,79,1,26,2,3480
1628,80,1,365,10,3540
1629,80,1,26,4,3540
1630,80,1,14,6,3540
1631,80,1,66,4,3540
1632,80,1,148,4,3540
1633,80,1,48,6,3540
1634,80,1,60,7,3540
1635,80,1,111,12,3540
1636,80,1,27,1,3540
1637,81,1,234,12,3600
1638,82,1,109,9,3660
1639,83,1,42,8,3660
1640,83,1,67,7,3660
1641,84,1,135,8,3720
1642,85,1,9,9,3720
1643,86,1,152,4,3780
1644,86,1,171,3,3780
1645,86,1,5,6,3780
1646,86,1,158,6,3780
1647,86,1,34,4,3780
1648,87,1,86,4,3780
1649,87,1,3,10,3780
1650,87,1,109,10,3780
1651,87,1,105,3,3780
1652,87,1,113,8,3780
1653,88,1,11,9,3840
1654,89,1,115,6,3840
1655,89,1,81,6,3840
1656,90,1,42,10,3840
1657,90,1,124,10,3840
1658,91,1,43,10,3840
1659,92,1,178,11,3840
1660,92,1,165,5,3840
1661,93,1,0,6,3840
1662,94,1,169,3,3900
1663,94,1,6,7,3900
1664,94,1,277,8,3900
1665,94,1,66,6,3900
1666,95,1,7,8,3900
1667,95,1,1,10,3900
1668,96,1,5,8,3600
1669,96,1,12,4,3600
1670,96,1,15,2,3600
1671,96,1,40,8,3600
1672,96,1,23,6,3600
1673,96,1,2,11,3600
1674,96,1,142,8,3600
1675,96,1,3,8,3600
1676,96,1,85,3,3600
1677,97,1,121,7,3600
1678,97,1,116,6,3600
1679,97,1,48,10,3600
1680,97,1,19,5,3600
1681,97,1,33,4,3600
1682,98,1,15,7,3720
1683,98,1,17,7,3720
1684,98,1,172,5,3720
1685,99,1,49,7,3720
1686,100,1,13,5,3780
1687,100,1,0,4,3780
1688,100,1,145,7,3780
1689,100,1,3,4,3780
1690,100,1,81,7,3780
1691,101,1,150,3,3780
1692,101,1,133,8,3780
1693,101,1,64,10,3780
1694,102,1,23,8,3780
1695,102,1,22,12,3780
1696,102,1,1,5,3780
1697,102,1,334,6,3780
1698,103,1,77,4,3840
1699,103,1,5,6,3840
1700,103,1,102,6,3840
1701,103,1,48,4,3840
1702,103,1,198,5,3840
1703,103,1,128,11,3840
1704,103,1,71,7,3840
1705,103,1,49,4,3840
1706,103,1,29,6,3840
1707,103,1,314,6,3840
1708,103,1,15,10,3840
1709,103,1,267,5,3840
1710,104,1,414,8,3840
1711,104,1,6,9,3840
1712,105,1,188,1,3840
1713,105,1,411,12,3840
1714,105,1,420,4,3840
1715,106,1,61,7,3900
1716,106,1,120,4,3900
1717,107,1,26,4,3900
1718,107,1,31,6,3900
1719,108,1,34,10,3900
1720,108,1,29,3,3900
1721,108,1,171,4,3900
1722,109,1,195,5,3960
1723,109,1,0,8,3960
1724,110,1,3,6,3960
1725,111,1,4,3,3960
1726,111,1,49,8,3960
1727,111,1,20,8,3960
1728,112,1,36,4,4080
1729,112,1,107,7,4080
1730,112,1,196,5,4080
1731,113,1,253,7,4080
1732,113,1,80,3,4080
1733,113,1,23,6,4080
1734,114,1,157,10,4140
1735,115,1,2,8,4140
1736,115,1,9,8,4140
1737,115,1,27,9,4140
1738,116,1,5,5,4140
1739,116,1,155,2,4140
1740,116,1,222,8,4140
1741,116,1,88,10,4140
1742,116,1,11,7,4140
1743,117,1,25,10,4200
1744,117,1,44,9,4200
1745,117,1,4,2,4200
1746,117,1,123,5,4200
1747,117,1,86,10,4200
1748,117,1,11,4,4200
1749,117,1,97,10,4200
1750,117,1,6,4,4200
1751,117,1,158,12,4200
1752,117,1,18,4,4200
1753,117,1,28,12,4200
1754,118,1,3,7,4320
1755,119,1,150,11,4320
1756,120,1,59,11,4380
1757,120,1,21,8,4380
1758,121,1,14,10,4380
1759,121,1,21,9,4380
1760,122,1,32,5,4380
1761,122,1,5,3,4380
1762,122,1,122,10,4380
1763,122,1,129,4,4380
1764,122,1,1,1,4380
1765,122,1,24,9,4380
1766,122,1,361,8,4380
1767,123,1,14,4,4380
1768,123,1,122,7,4380
1769,124,1,21,10,4500
1770,124,1,10,10,4500
1771,125,1,9,10,4560
1772,125,1,35,5,4560
1773,126,1,20,8,4560
1774,127,1,122,12,4620
1775,127,1,6,8,4620
1776,128,1,77,6,4620
1777,128,1,30,10,4620
1778,128,1,354,7,4620
1779,128,1,95,4,4620
1780,129,1,7,5,4740
1781,129,1,5,8,4740
1782,130,1,88,5,4740
1783,130,1,35,6,4740
1784,130,1,223,6,4740
1785,130,1,8,2,4740
1786,130,1,55,7,4740
1787,131,1,32,10,4740
1788,132,1,195,4,4740
1789,132,1,2,4,4740
1790,132,1,79,7,4740
1791,133,1,236,2,4800
1792,133,1,3,10,4800
1793,133,1,294,7,4800
1794,133,1,127,10,4800
1795,133,1,46,4,4800
1796,134,1,12,2,4800
1797,134,1,6,10,4800
1798,134,1,34,2,4800
1799,134,1,23,4,4800
1800,134,1,44,3,4800
1801,134,1,144,9,4800
1802,134,1,142,8,4800
1803,134,1,52,10,4800
1804,135,1,135,8,4860
1805,136,1,196,8,4860
1806,136,1,0,4,4860
1807,136,1,26,6,4860
1808,136,1,134,5,4860
1809,136,1,44,10,4860
1810,136,1,426,7,4860
1811,136,1,120,4,4860
1812,137,1,3,5,4920
1813,137,1,17,6,4920
1814,138,1,6,12,5040
1815,138,1,10,3,5040
1816,138,1,143,9,5040
1817,138,1,111,4,5040
1818,138,1,32,8,5040
1819,139,1,2,4,5040
1820,139,1,39,9,5040
1821,139,1,33,4,5040
1822,139,1,27,1,5040
1823,140,1,209,4,5100
1824,140,1,152,4,5100
1825,140,1,113,4,5100
1826,141,1,186,12,5100
1827,141,1,4,6,5100
1828,141,1,0,7,5100
1829,142,1,11,6,5100
1830,143,1,340,9,5160
1831,144,1,35,6,5220
1832,145,1,263,10,5280
1833,146,1,1,11,5280
1834,146,1,154,2,5280
1835,146,1,11,3,5280
1836,147,1,3,8,5340
1837,147,1,12,8,5340
1838,148,1,18,6,5400
1839,148,1,222,6,5400
1840,148,1,186,9,5400
1841,148,1,1,4,5400
1842,148,1,159,7,5400
1843,148,1,9,6,5400
1844,148,1,23,10,5400
1845,148,1,4,9,5400
1846,148,1,79,11,5400
1847,148,1,37,8,5400
1848,148,1,38,6,5400
1849,148,1,339,11,5400
1850,148,1,8,6,5400
1851,148,1,144,8,5400
1852,149,1,16,4,5400
1853,149,1,13,8,5400
1854,149,1,178,8,5400
1855,149,1,17,8,5400
1856,149,1,6,12,5400
1857,149,1,14,10,5400
1858,149,1,60,8,5400
1859,150,1,153,4,5520
1860,150,1,15,10,5520
1861,151,1,4,11,5520
1862,151,1,0,6,5520
1863,151,1,3,9,5520
1864,152,1,73,5,5580
1865,152,1,12,7,5580
1866,152,1,19,8,5580
1867,153,1,258,5,5580
1868,154,1,2,8,5640
1869,154,1,89,9,5640
1870,154,1,15,6,5640
1871,155,1,100,8,5640
1872,155,1,164,6,5640
1873,155,1,234,11,5640
1874,156,1,43,10,5700
1875,156,1,0,8,5700
1876,156,1,11,9,5700
1877,157,1,26,4,5700
1878,157,1,1,1,5700
1879,157,1,99,4,5700
1880,158,1,122,2,5700
1881,158,1,440,3,5700
1882,158,1,13,8,5700
1883,159,1,71,4,5700
1884,160,1,20,2,5760
1885,161,1,450,5,5820
1886,162,1,53,3,5880
1887,162,1,185,6,5880
1888,163,1,17,8,5940
1889,163,1,9,1,5940
1890,163,1,112,4,5940
1891,163,1,45,8,5940
1892,164,1,44,9,5940
1893,164,1,42,7,5940
1894,164,1,13,8,5940
1895,164,1,5,5,5940
1896,164,1,40,8,5940
1897,165,1,20,7,5940
1898,166,1,114,3,6000
1899,166,1,36,2,6000
1900,167,1,108,4,6060
1901,167,1,57,7,6060
1902,168,1,12,3,6120
1903,169,1,33,10,6120
1904,170,1,33,8,6180
1905,170,1,14,2,6180
1906,171,1,457,6,6240
1907,172,1,184,4,6240
1908,173,1,0,9,6300
1909,173,1,33,2,6300
1910,174,1,138,10,6300
1911,174,1,9,3,6300
1912,174,1,86,7,6300
1913,175,1,11,6,6360
1914,175,1,4,1,6360
1915,175,1,23,8,6360
1916,175,1,413,7,6360
1917,175,1,257,12,6360
1918,175,1,349,12,6360
1919,175,1,231,9,6360
1920,175,1,236,6,6360
1921,175,1,72,9,6360
1922,175,1,97,1,6360
1923,175,1,5,7,6360
1924,176,1,105,2,6360
1925,177,1,115,9,6420
1926,177,1,22,4,6420
1927,177,1,142,7,6420
1928,178,1,103,8,6540
1929,179,1,49,4,6540
1930,179,1,375,4,6540
1931,179,1,287,6,6540
1932,179,1,20,10,6540
1933,179,1,107,10,6540
1934,180,1,57,10,6540
1935,181,1,7,6,6600
1936,181,1,115,4,6600
1937,181,1,6,6,6600
1938,181,1,15,6,6600
1939,181,1,25,2,6600
1940,181,1,101,3,6600
1941,182,1,152,3,6600
1942,182,1,118,6,6600
1943,183,1,6,4,6600
1944,183,1,5,9,6600
1945,184,1,38,6,6660
1946,184,1,11,7,6660
1947,184,1,121,3,6660
1948,185,1,97,10,6660
1949,186,1,101,8,6720
1950,186,1,232,4,6720
1951,187,1,32,10,6840
1952,187,1,87,4,6840
1953,187,1,5,4,6840
1954,187,1,7,6,6840
1955,187,1,11,8,6840
1956,187,1,30,8,6840
1957,187,1,75,8,6840
1958,187,1,27,6,6840
1959,188,1,37,10,6900
1960,188,1,27,12,6900
1961,189,1,159,8,6900
1962,189,1,36,8,6900
1963,190,1,39,12,6960
1964,190,1,112,8,6960
1965,190,1,171,5,6960
1966,191,1,62,2,6960
1967,192,1,23,4,7020
1968,192,1,9,6,7020
1969,193,1,0,6,7020
1970,194,1,38,6,7020
1971,194,1,40,5,7020
1972,194,1,19,4,7020
1973,195,1,241,6,7020
1974,195,1,109,4,7020
1975,195,1,46,6,7020
1976,195,1,12,10,7020
1977,195,1,163,1,7020
1978,195,1,29,8,7020
1979,195,1,16,7,7020
1980,195,1,85,6,7020
