sequence_id,order_id,order_type,item_id,item_quantity,order_arrival,assigned_station,assigned_pod,status
1,-50,1,10,4,0,,,-3
2,-50,1,185,6,0,,,-3
3,-50,1,15,2,0,,,-3
4,-49,1,63,8,0,,,-3
5,-49,1,19,9,0,,,-3
6,-48,1,45,9,0,,,-3
7,-48,1,11,6,0,,,-3
8,-48,1,18,6,0,,,-3
9,-47,1,146,5,0,,,-3
10,-47,1,277,11,0,,,-3
11,-46,1,109,6,0,,,-3
12,-45,1,20,10,0,picker-2,22.0,0
13,-45,1,65,8,0,picker-2,175.0,0
14,-45,1,19,2,0,picker-2,180.0,0
15,-45,1,13,4,0,picker-2,1.0,0
16,-45,1,22,5,0,picker-2,272.0,0
17,-44,1,27,8,0,picker-0,130.0,0
18,-44,1,83,5,0,picker-0,162.0,0
19,-44,1,21,10,0,picker-0,129.0,0
20,-44,1,28,4,0,picker-0,103.0,0
21,-44,1,39,1,0,picker-0,258.0,0
22,-44,1,2,9,0,picker-0,32.0,0
23,-43,1,175,8,0,picker-2,7.0,0
24,-43,1,0,3,0,picker-2,,-1
25,-43,1,157,6,0,picker-2,,-1
26,-43,1,171,3,0,picker-2,,-1
27,-43,1,10,9,0,picker-2,,-1
28,-43,1,201,12,0,picker-2,277.0,0
29,-43,1,14,8,0,picker-2,,-1
30,-43,1,1,9,0,picker-2,,-1
31,-42,1,150,4,0,,,-3
32,-42,1,23,6,0,,,-3
33,-42,1,41,4,0,,,-3
34,-42,1,38,5,0,,,-3
35,-42,1,163,2,0,,,-3
36,-42,1,246,8,0,,,-3
37,-42,1,47,4,0,,,-3
38,-41,1,112,8,0,picker-1,298.0,0
39,-41,1,176,5,0,picker-1,192.0,0
40,-41,1,38,12,0,picker-1,71.0,0
41,-41,1,418,5,0,picker-1,0.0,0
42,-41,1,29,9,0,picker-1,219.0,0
43,-41,1,178,8,0,picker-1,132.0,0
44,-41,1,26,5,0,picker-1,126.0,0
45,-40,1,49,8,0,picker-0,,-1
46,-40,1,39,2,0,picker-0,,-1
47,-40,1,41,1,0,picker-0,,-1
48,-40,1,35,4,0,picker-0,,-1
49,-40,1,47,10,0,picker-0,,-1
50,-40,1,192,11,0,picker-0,249.0,0
51,-40,1,36,3,0,picker-0,,-1
52,-40,1,128,10,0,picker-0,50.0,0
53,-40,1,188,4,0,picker-0,,-1
54,-40,1,4,3,0,picker-0,,-1
55,-40,1,77,6,0,picker-0,,-1
56,-40,1,354,1,0,picker-0,,-1
57,-40,1,32,3,0,picker-0,,-1
58,-40,1,5,8,0,picker-0,,-1
59,-40,1,106,8,0,picker-0,,-1
60,-40,1,11,4,0,picker-0,,-1
61,-40,1,37,4,0,picker-0,,-1
62,-40,1,174,7,0,picker-0,,-1
63,-39,1,39,10,0,picker-0,,-1
64,-39,1,256,5,0,picker-0,240.0,0
65,-39,1,168,3,0,picker-0,53.0,0
66,-38,1,102,12,0,,,-3
67,-37,1,0,6,0,,,-3
68,-36,1,105,5,0,,,-3
69,-36,1,14,10,0,,,-3
70,-36,1,44,10,0,,,-3
71,-36,1,164,4,0,,,-3
72,-36,1,142,4,0,,,-3
73,-36,1,79,2,0,,,-3
74,-35,1,60,4,0,,,-3
75,-34,1,4,6,0,picker-1,3.0,0
76,-33,1,26,8,0,,,-3
77,-33,1,7,10,0,,,-3
78,-32,1,26,8,0,,,-3
79,-32,1,203,6,0,,,-3
80,-32,1,190,10,0,,,-3
81,-32,1,108,9,0,,,-3
82,-32,1,20,4,0,,,-3
83,-32,1,2,7,0,,,-3
84,-32,1,16,3,0,,,-3
85,-31,1,11,10,0,picker-0,,-1
86,-31,1,14,10,0,picker-0,,-1
87,-31,1,3,4,0,picker-0,,-1
88,-31,1,4,4,0,picker-0,,-1
89,-30,1,32,9,0,picker-0,,-1
90,-29,1,33,8,0,picker-1,,-1
91,-29,1,128,5,0,picker-1,,-1
92,-28,1,195,11,0,,,-3
93,-28,1,96,8,0,,,-3
94,-28,1,413,10,0,,,-3
95,-28,1,4,5,0,,,-3
96,-27,1,6,5,0,,,-3
97,-27,1,31,9,0,,,-3
98,-26,1,36,3,0,picker-1,,-1
99,-26,1,150,3,0,picker-1,,-1
100,-26,1,22,2,0,picker-1,,-1
101,-26,1,282,12,0,picker-1,,-1
102,-26,1,45,2,0,picker-1,,-1
103,-26,1,7,10,0,picker-1,,-1
104,-26,1,6,2,0,picker-1,,-1
105,-26,1,30,8,0,picker-1,,-1
106,-26,1,17,2,0,picker-1,,-1
107,-25,1,57,6,0,,,-3
108,-24,1,18,6,0,picker-2,,-1
109,-24,1,47,3,0,picker-2,,-1
110,-24,1,11,10,0,picker-2,,-1
111,-23,1,369,5,0,,,-3
112,-23,1,27,1,0,,,-3
113,-22,1,6,5,0,,,-3
114,-22,1,4,6,0,,,-3
115,-22,1,23,9,0,,,-3
116,-22,1,17,5,0,,,-3
117,-22,1,40,6,0,,,-3
118,-22,1,10,10,0,,,-3
119,-21,1,119,5,0,,,-3
120,-21,1,2,2,0,,,-3
121,-21,1,170,8,0,,,-3
122,-20,1,22,7,0,,,-3
123,-20,1,3,7,0,,,-3
124,-20,1,193,8,0,,,-3
125,-19,1,1,10,0,,,-3
126,-19,1,153,1,0,,,-3
127,-19,1,117,8,0,,,-3
128,-19,1,63,8,0,,,-3
129,-18,1,0,7,0,,,-3
130,-18,1,55,6,0,,,-3
131,-17,1,37,7,0,picker-0,,-1
132,-17,1,82,6,0,picker-0,,-1
133,-16,1,49,4,0,,,-3
134,-16,1,109,4,0,,,-3
135,-16,1,46,8,0,,,-3
136,-16,1,168,8,0,,,-3
137,-15,1,30,1,0,picker-1,,-1
138,-15,1,1,6,0,picker-1,,-1
139,-14,1,87,8,0,picker-2,,-1
140,-14,1,57,7,0,picker-2,,-1
141,-14,1,39,7,0,picker-2,,-1
142,-14,1,19,11,0,picker-2,,-1
143,-14,1,59,8,0,picker-2,,-1
144,-14,1,14,1,0,picker-2,,-1
145,-14,1,323,3,0,picker-2,115.0,0
146,-14,1,13,6,0,picker-2,,-1
147,-13,1,1,4,0,,,-3
148,-13,1,36,4,0,,,-3
149,-13,1,5,7,0,,,-3
150,-12,1,43,11,0,picker-2,,-1
151,-12,1,17,9,0,picker-2,,-1
152,-12,1,6,6,0,picker-2,19.0,0
153,-12,1,193,10,0,picker-2,,-1
154,-12,1,398,6,0,picker-2,6.0,0
155,-11,1,11,3,0,,,-3
156,-11,1,42,2,0,,,-3
157,-10,1,0,2,0,,,-3
158,-10,1,232,10,0,,,-3
159,-10,1,149,3,0,,,-3
160,-10,1,14,9,0,,,-3
161,-10,1,360,11,0,,,-3
162,-9,1,37,2,0,picker-2,,-1
163,-9,1,29,6,0,picker-2,,-1
164,-9,1,2,8,0,picker-2,,-1
165,-8,1,132,8,0,,,-3
166,-8,1,126,8,0,,,-3
167,-8,1,25,4,0,,,-3
168,-8,1,34,2,0,,,-3
169,-8,1,110,8,0,,,-3
170,-8,1,198,11,0,,,-3
171,-8,1,29,6,0,,,-3
172,-7,1,143,3,0,picker-1,,-1
173,-7,1,115,11,0,picker-1,,-1
174,-7,1,1,5,0,picker-1,,-1
175,-6,1,18,12,0,,,-3
176,-6,1,104,6,0,,,-3
177,-5,1,16,12,0,,,-3
178,-5,1,19,12,0,,,-3
179,-5,1,4,6,0,,,-3
180,-5,1,10,4,0,,,-3
181,-5,1,8,8,0,,,-3
182,-5,1,219,10,0,,,-3
183,-5,1,43,2,0,,,-3
184,-4,1,187,9,0,,,-3
185,-4,1,27,8,0,,,-3
186,-4,1,15,4,0,,,-3
187,-4,1,25,7,0,,,-3
188,-3,1,28,9,0,,,-3
189,-2,1,11,6,0,,,-3
190,-2,1,36,6,0,,,-3
191,-2,1,49,1,0,,,-3
192,-2,1,32,5,0,,,-3
193,-1,1,10,10,0,,,-3
194,-50,1,24,7,0,,,-3
195,-50,1,410,4,0,,,-3
196,-50,1,114,4,0,,,-3
197,-50,1,221,2,0,,,-3
198,-50,1,30,9,0,,,-3
199,-50,1,38,4,0,,,-3
200,-50,1,17,10,0,,,-3
201,-50,1,12,10,0,,,-3
202,-50,1,129,6,0,,,-3
203,-50,1,62,8,0,,,-3
204,-50,1,409,4,0,,,-3
205,-50,1,10,12,0,,,-3
206,-49,1,39,8,0,,,-3
207,-49,1,3,8,0,,,-3
208,-49,1,242,1,0,,,-3
209,-49,1,4,8,0,,,-3
210,-49,1,186,2,0,,,-3
211,-49,1,314,10,0,,,-3
212,-48,1,0,4,0,,,-3
213,-48,1,18,2,0,,,-3
214,-48,1,204,10,0,,,-3
215,-48,1,9,3,0,,,-3
216,-47,1,344,10,0,,,-3
217,-47,1,179,12,0,,,-3
218,-46,1,252,6,0,,,-3
219,-45,1,53,3,0,picker-2,62.0,0
220,-44,1,8,7,0,picker-0,202.0,0
221,-43,1,179,10,0,picker-2,262.0,0
222,-43,1,44,6,0,picker-2,,-1
223,-43,1,145,10,0,picker-2,,-1
224,-43,1,222,6,0,picker-2,242.0,0
225,-43,1,159,8,0,picker-2,,-1
226,-43,1,10,3,0,picker-2,,-1
227,-43,1,183,5,0,picker-2,209.0,0
228,-42,1,5,5,0,,,-3
229,-42,1,140,10,0,,,-3
230,-42,1,449,7,0,,,-3
231,-42,1,53,4,0,,,-3
232,-41,1,11,10,0,picker-1,171.0,0
233,-41,1,210,3,0,picker-1,109.0,0
234,-41,1,30,4,0,picker-1,135.0,0
235,-41,1,99,12,0,picker-1,189.0,0
236,-40,1,9,10,0,picker-0,,-1
237,-40,1,44,6,0,picker-0,,-1
238,-40,1,12,11,0,picker-0,67.0,0
239,-40,1,29,8,0,picker-0,,-1
240,-40,1,27,8,0,picker-0,,-1
241,-40,1,84,8,0,picker-0,,-1
242,-40,1,10,6,0,picker-0,,-1
243,-40,1,87,5,0,picker-0,229.0,0
244,-40,1,8,11,0,picker-0,,-1
245,-39,1,493,4,0,picker-0,89.0,0
246,-39,1,298,10,0,picker-0,,-1
247,-39,1,117,1,0,picker-0,,-1
248,-38,1,138,10,0,,,-3
249,-37,1,78,8,0,,,-3
250,-37,1,196,2,0,,,-3
251,-37,1,28,4,0,,,-3
252,-37,1,87,10,0,,,-3
253,-37,1,164,10,0,,,-3
254,-37,1,23,10,0,,,-3
255,-37,1,198,10,0,,,-3
256,-36,1,65,5,0,,,-3
257,-36,1,3,4,0,,,-3
258,-35,1,104,4,0,,,-3
259,-34,1,21,6,0,picker-1,,-1
260,-34,1,287,8,0,picker-1,58.0,0
261,-33,1,123,6,0,,,-3
262,-33,1,191,10,0,,,-3
263,-33,1,1,2,0,,,-3
264,-33,1,224,8,0,,,-3
265,-32,1,16,8,0,,,-3
266,-32,1,153,9,0,,,-3
267,-32,1,440,2,0,,,-3
268,-32,1,7,2,0,,,-3
269,-31,1,223,5,0,picker-0,,-1
270,-30,1,24,5,0,picker-0,,-1
271,-30,1,68,4,0,picker-0,,-1
272,-30,1,38,8,0,picker-0,,-1
273,-30,1,181,8,0,picker-0,,-1
274,-30,1,14,7,0,picker-0,,-1
275,-30,1,99,11,0,picker-0,,-1
276,-30,1,0,3,0,picker-0,,-1
277,-30,1,165,4,0,picker-0,,-1
278,-30,1,19,9,0,picker-0,,-1
279,-29,1,101,6,0,picker-1,,-1
280,-29,1,65,7,0,picker-1,,-1
281,-28,1,57,11,0,,,-3
282,-27,1,41,9,0,,,-3
283,-27,1,447,8,0,,,-3
284,-27,1,95,6,0,,,-3
285,-27,1,47,12,0,,,-3
286,-27,1,364,4,0,,,-3
287,-27,1,37,6,0,,,-3
288,-26,1,4,5,0,picker-1,,-1
289,-26,1,3,4,0,picker-1,,-1
290,-26,1,41,7,0,picker-1,,-1
291,-25,1,355,8,0,,,-3
292,-24,1,1,8,0,picker-2,,-1
293,-24,1,49,4,0,picker-2,,-1
294,-24,1,7,8,0,picker-2,,-1
295,-24,1,17,2,0,picker-2,,-1
296,-24,1,43,4,0,picker-2,,-1
297,-24,1,20,4,0,picker-2,,-1
298,-24,1,9,8,0,picker-2,,-1
299,-24,1,33,7,0,picker-2,,-1
300,-23,1,112,10,0,,,-3
301,-22,1,226,6,0,,,-3
302,-22,1,0,8,0,,,-3
303,-22,1,23,3,0,,,-3
304,-21,1,163,8,0,,,-3
305,-20,1,4,6,0,,,-3
306,-20,1,167,3,0,,,-3
307,-20,1,10,10,0,,,-3
308,-20,1,393,8,0,,,-3
309,-19,1,30,1,0,,,-3
310,-19,1,42,8,0,,,-3
311,-19,1,8,6,0,,,-3
312,-19,1,10,10,0,,,-3
313,-19,1,15,7,0,,,-3
314,-18,1,191,10,0,,,-3
315,-17,1,14,4,0,picker-0,,-1
316,-17,1,8,7,0,picker-0,,-1
317,-17,1,34,6,0,picker-0,,-1
318,-17,1,23,4,0,picker-0,,-1
319,-17,1,11,4,0,picker-0,,-1
320,-17,1,2,8,0,picker-0,,-1
321,-17,1,15,6,0,picker-0,,-1
322,-17,1,28,6,0,picker-0,,-1
323,-16,1,20,4,0,,,-3
324,-16,1,138,9,0,,,-3
325,-15,1,0,12,0,picker-1,,-1
326,-15,1,59,12,0,picker-1,,-1
327,-15,1,6,5,0,picker-1,,-1
328,-14,1,165,10,0,picker-2,133.0,0
329,-14,1,28,6,0,picker-2,,-1
330,-14,1,100,7,0,picker-2,,-1
331,-13,1,154,4,0,,,-3
332,-12,1,143,11,0,picker-2,,-1
333,-12,1,40,9,0,picker-2,,-1
334,-12,1,171,3,0,picker-2,,-1
335,-12,1,14,8,0,picker-2,,-1
336,-12,1,28,10,0,picker-2,,-1
337,-11,1,4,6,0,,,-3
338,-10,1,211,6,0,,,-3
339,-10,1,31,8,0,,,-3
340,-10,1,12,10,0,,,-3
341,-9,1,32,12,0,picker-2,,-1
342,-9,1,63,12,0,picker-2,201.0,0
343,-9,1,127,4,0,picker-2,,-1
344,-9,1,23,5,0,picker-2,,-1
345,-9,1,20,5,0,picker-2,,-1
346,-8,1,22,5,0,,,-3
347,-7,1,8,7,0,picker-1,,-1
348,-6,1,98,9,0,,,-3
349,-5,1,10,8,0,,,-3
350,-5,1,44,11,0,,,-3
351,-5,1,0,3,0,,,-3
352,-4,1,159,9,0,,,-3
353,-4,1,327,9,0,,,-3
354,-3,1,4,6,0,,,-3
355,-2,1,172,3,0,,,-3
356,-1,1,85,5,0,,,-3
357,-1,1,15,7,0,,,-3
358,-50,1,440,4,0,,,-3
359,-49,1,32,8,0,,,-3
360,-49,1,35,6,0,,,-3
361,-49,1,15,1,0,,,-3
362,-49,1,1,6,0,,,-3
363,-49,1,193,5,0,,,-3
364,-49,1,208,9,0,,,-3
365,-49,1,48,8,0,,,-3
366,-49,1,113,7,0,,,-3
367,-48,1,0,6,0,,,-3
368,-47,1,35,8,0,,,-3
369,-47,1,9,2,0,,,-3
370,-46,1,1,8,0,,,-3
371,-46,1,17,12,0,,,-3
372,-46,1,71,6,0,,,-3
373,-46,1,131,7,0,,,-3
374,-46,1,110,8,0,,,-3
375,-45,1,33,6,0,picker-2,279.0,0
376,-45,1,35,6,0,picker-2,123.0,0
377,-45,1,5,10,0,picker-2,118.0,0
378,-44,1,3,10,0,picker-0,8.0,0
379,-44,1,45,5,0,picker-0,195.0,0
380,-44,1,37,10,0,picker-0,116.0,0
381,-43,1,7,6,0,picker-2,,-1
382,-43,1,24,6,0,picker-2,,-1
383,-43,1,8,6,0,picker-2,,-1
384,-43,1,1,6,0,picker-2,,-1
385,-43,1,19,6,0,picker-2,,-1
386,-42,1,9,4,0,,,-3
387,-41,1,21,4,0,picker-1,148.0,0
388,-41,1,4,2,0,picker-1,182.0,0
389,-41,1,177,6,0,picker-1,30.0,0
390,-40,1,178,6,0,picker-0,187.0,0
391,-40,1,15,10,0,picker-0,,-1
392,-40,1,44,8,0,picker-0,,-1
393,-40,1,6,1,0,picker-0,,-1
394,-40,1,45,1,0,picker-0,,-1
395,-40,1,57,8,0,picker-0,,-1
396,-40,1,77,4,0,picker-0,,-1
397,-40,1,13,5,0,picker-0,,-1
398,-40,1,5,9,0,picker-0,,-1
399,-40,1,192,8,0,picker-0,249.0,0
400,-40,1,7,5,0,picker-0,,-1
401,-39,1,105,6,0,picker-0,,-1
402,-39,1,94,2,0,picker-0,79.0,0
403,-39,1,36,7,0,picker-0,,-1
404,-39,1,172,10,0,picker-0,,-1
405,-39,1,2,2,0,picker-0,,-1
406,-39,1,178,6,0,picker-0,,-1
407,-38,1,157,8,0,,,-3
408,-37,1,48,6,0,,,-3
409,-37,1,32,4,0,,,-3
410,-37,1,25,10,0,,,-3
411,-37,1,43,3,0,,,-3
412,-37,1,3,10,0,,,-3
413,-36,1,33,6,0,,,-3
414,-36,1,47,9,0,,,-3
415,-36,1,79,6,0,,,-3
416,-35,1,14,6,0,,,-3
417,-35,1,43,6,0,,,-3
418,-35,1,5,8,0,,,-3
419,-35,1,64,9,0,,,-3
420,-35,1,31,8,0,,,-3
421,-34,1,16,5,0,picker-1,,-1
422,-34,1,13,4,0,picker-1,85.0,0
423,-34,1,58,4,0,picker-1,,-1
424,-34,1,1,7,0,picker-1,,-1
425,-34,1,0,2,0,picker-1,,-1
426,-33,1,11,6,0,,,-3
427,-33,1,0,8,0,,,-3
428,-33,1,3,10,0,,,-3
429,-32,1,16,7,0,,,-3
430,-31,1,8,10,0,picker-0,,-1
431,-30,1,9,2,0,picker-0,,-1
432,-30,1,99,10,0,picker-0,,-1
433,-30,1,0,2,0,picker-0,,-1
434,-30,1,238,5,0,picker-0,,-1
435,-30,1,37,8,0,picker-0,,-1
436,-29,1,92,6,0,picker-1,61.0,0
437,-29,1,439,12,0,picker-1,227.0,0
438,-28,1,5,8,0,,,-3
439,-27,1,14,5,0,,,-3
440,-27,1,29,4,0,,,-3
441,-27,1,35,8,0,,,-3
442,-27,1,351,12,0,,,-3
443,-27,1,132,5,0,,,-3
444,-26,1,36,7,0,picker-1,,-1
445,-26,1,59,8,0,picker-1,,-1
446,-26,1,27,10,0,picker-1,,-1
447,-26,1,173,9,0,picker-1,,-1
448,-26,1,24,4,0,picker-1,,-1
449,-25,1,8,6,0,,,-3
450,-25,1,3,4,0,,,-3
451,-25,1,96,6,0,,,-3
452,-25,1,34,11,0,,,-3
453,-25,1,31,8,0,,,-3
454,-25,1,128,4,0,,,-3
455,-25,1,192,7,0,,,-3
456,-25,1,15,2,0,,,-3
457,-25,1,41,10,0,,,-3
458,-25,1,0,8,0,,,-3
459,-24,1,157,8,0,picker-2,,-1
460,-24,1,329,6,0,picker-2,,-1
461,-24,1,28,10,0,picker-2,,-1
462,-24,1,6,8,0,picker-2,,-1
463,-23,1,29,6,0,,,-3
464,-23,1,8,10,0,,,-3
465,-23,1,387,6,0,,,-3
466,-23,1,188,8,0,,,-3
467,-22,1,0,6,0,,,-3
468,-22,1,151,8,0,,,-3
469,-22,1,112,3,0,,,-3
470,-22,1,34,2,0,,,-3
471,-22,1,35,5,0,,,-3
472,-22,1,127,3,0,,,-3
473,-22,1,120,3,0,,,-3
474,-21,1,184,6,0,,,-3
475,-21,1,172,6,0,,,-3
476,-21,1,120,4,0,,,-3
477,-21,1,36,3,0,,,-3
478,-21,1,4,8,0,,,-3
479,-20,1,19,12,0,,,-3
480,-20,1,45,6,0,,,-3
481,-20,1,230,11,0,,,-3
482,-20,1,31,5,0,,,-3
483,-20,1,13,6,0,,,-3
484,-20,1,36,10,0,,,-3
485,-20,1,92,6,0,,,-3
486,-20,1,42,9,0,,,-3
487,-19,1,16,12,0,,,-3
488,-18,1,18,7,0,,,-3
489,-18,1,329,7,0,,,-3
490,-18,1,99,10,0,,,-3
491,-18,1,2,10,0,,,-3
492,-17,1,197,8,0,picker-0,,-1
493,-17,1,45,4,0,picker-0,,-1
494,-16,1,13,4,0,,,-3
495,-16,1,122,4,0,,,-3
496,-15,1,169,6,0,picker-1,,-1
497,-15,1,14,8,0,picker-1,,-1
498,-14,1,34,3,0,picker-2,,-1
499,-14,1,3,6,0,picker-2,,-1
500,-14,1,0,1,0,picker-2,,-1
501,-14,1,16,6,0,picker-2,,-1
502,-14,1,36,4,0,picker-2,,-1
503,-14,1,11,8,0,picker-2,,-1
504,-14,1,72,7,0,picker-2,82.0,0
505,-13,1,21,10,0,,,-3
506,-13,1,37,10,0,,,-3
507,-13,1,26,9,0,,,-3
508,-13,1,2,4,0,,,-3
509,-13,1,38,5,0,,,-3
510,-12,1,4,4,0,picker-2,,-1
511,-12,1,0,7,0,picker-2,,-1
512,-12,1,24,6,0,picker-2,,-1
513,-12,1,1,8,0,picker-2,,-1
514,-12,1,57,7,0,picker-2,,-1
515,-11,1,115,3,0,,,-3
516,-10,1,134,6,0,,,-3
517,-10,1,94,12,0,,,-3
518,-10,1,67,6,0,,,-3
519,-10,1,41,9,0,,,-3
520,-10,1,8,9,0,,,-3
521,-10,1,2,8,0,,,-3
522,-9,1,36,3,0,picker-2,,-1
523,-9,1,174,8,0,picker-2,,-1
524,-9,1,14,6,0,picker-2,,-1
525,-9,1,1,6,0,picker-2,,-1
526,-9,1,26,2,0,picker-2,,-1
527,-9,1,34,5,0,picker-2,,-1
528,-9,1,32,4,0,picker-2,,-1
529,-8,1,137,2,0,,,-3
530,-8,1,136,10,0,,,-3
531,-7,1,17,8,0,picker-1,,-1
532,-7,1,153,8,0,picker-1,,-1
533,-6,1,22,5,0,,,-3
534,-6,1,18,5,0,,,-3
535,-6,1,36,10,0,,,-3
536,-5,1,30,4,0,,,-3
537,-4,1,3,10,0,,,-3
538,-4,1,142,8,0,,,-3
539,-4,1,13,9,0,,,-3
540,-3,1,49,2,0,,,-3
541,-2,1,5,10,0,,,-3
542,-1,1,19,5,0,,,-3
543,-1,1,83,8,0,,,-3
544,-50,1,39,2,0,,,-3
545,-50,1,6,7,0,,,-3
546,-50,1,2,10,0,,,-3
547,-50,1,131,8,0,,,-3
548,-49,1,324,5,0,,,-3
549,-49,1,158,8,0,,,-3
550,-49,1,26,3,0,,,-3
551,-49,1,47,6,0,,,-3
552,-49,1,11,6,0,,,-3
553,-48,1,46,6,0,,,-3
554,-48,1,126,4,0,,,-3
555,-47,1,53,7,0,,,-3
556,-46,1,42,5,0,,,-3
557,-45,1,190,8,0,picker-2,52.0,0
558,-44,1,195,8,0,picker-0,253.0,0
559,-44,1,64,4,0,picker-0,149.0,0
560,-44,1,8,1,0,picker-0,202.0,0
561,-44,1,143,6,0,picker-0,11.0,0
562,-44,1,10,4,0,picker-0,160.0,0
563,-43,1,35,9,0,picker-2,,-1
564,-43,1,5,6,0,picker-2,,-1
565,-43,1,113,10,0,picker-2,,-1
566,-43,1,143,8,0,picker-2,,-1
567,-42,1,19,4,0,,,-3
568,-41,1,33,8,0,picker-1,248.0,0
569,-41,1,132,10,0,picker-1,286.0,0
570,-41,1,4,8,0,picker-1,182.0,0
571,-41,1,79,9,0,picker-1,198.0,0
572,-41,1,26,12,0,picker-1,126.0,0
573,-41,1,6,2,0,picker-1,138.0,0
574,-41,1,17,4,0,picker-1,20.0,0
575,-40,1,42,6,0,picker-0,,-1
576,-40,1,3,4,0,picker-0,,-1
577,-40,1,88,8,0,picker-0,78.0,0
578,-40,1,18,6,0,picker-0,154.0,0
579,-40,1,20,8,0,picker-0,,-1
580,-39,1,39,8,0,picker-0,,-1
581,-39,1,38,8,0,picker-0,,-1
582,-39,1,45,4,0,picker-0,,-1
583,-38,1,178,5,0,,,-3
584,-37,1,12,6,0,,,-3
585,-37,1,9,10,0,,,-3
586,-37,1,311,5,0,,,-3
587,-37,1,455,12,0,,,-3
588,-37,1,139,8,0,,,-3
589,-37,1,14,5,0,,,-3
590,-37,1,134,8,0,,,-3
591,-37,1,196,10,0,,,-3
592,-37,1,56,7,0,,,-3
593,-37,1,7,9,0,,,-3
594,-37,1,19,6,0,,,-3
595,-37,1,132,2,0,,,-3
596,-37,1,188,9,0,,,-3
597,-37,1,15,2,0,,,-3
598,-36,1,27,5,0,,,-3
599,-36,1,34,2,0,,,-3
600,-35,1,81,12,0,,,-3
601,-34,1,30,9,0,picker-1,,-1
602,-33,1,89,2,0,,,-3
603,-33,1,326,9,0,,,-3
604,-33,1,40,12,0,,,-3
605,-32,1,162,4,0,,,-3
606,-32,1,60,6,0,,,-3
607,-32,1,14,4,0,,,-3
608,-32,1,21,6,0,,,-3
609,-32,1,4,6,0,,,-3
610,-32,1,149,9,0,,,-3
611,-32,1,31,4,0,,,-3
612,-32,1,20,11,0,,,-3
613,-31,1,85,9,0,picker-0,,-1
614,-31,1,47,5,0,picker-0,,-1
615,-31,1,5,11,0,picker-0,,-1
616,-31,1,1,12,0,picker-0,101.0,0
617,-30,1,63,9,0,picker-0,,-1
618,-30,1,17,10,0,picker-0,,-1
619,-30,1,47,9,0,picker-0,,-1
620,-29,1,124,10,0,picker-1,168.0,0
621,-29,1,173,7,0,picker-1,285.0,0
622,-29,1,150,5,0,picker-1,96.0,0
623,-29,1,126,4,0,picker-1,,-1
624,-28,1,25,8,0,,,-3
625,-28,1,23,8,0,,,-3
626,-28,1,8,11,0,,,-3
627,-27,1,95,7,0,,,-3
628,-27,1,14,10,0,,,-3
629,-26,1,140,6,0,picker-1,,-1
630,-25,1,23,10,0,,,-3
631,-24,1,16,5,0,picker-2,,-1
632,-24,1,29,5,0,picker-2,,-1
633,-23,1,84,9,0,,,-3
634,-23,1,50,6,0,,,-3
635,-22,1,152,6,0,,,-3
636,-21,1,8,9,0,,,-3
637,-21,1,50,2,0,,,-3
638,-21,1,2,6,0,,,-3
639,-21,1,0,12,0,,,-3
640,-20,1,95,9,0,,,-3
641,-19,1,4,7,0,,,-3
642,-19,1,19,11,0,,,-3
643,-19,1,48,6,0,,,-3
644,-18,1,5,2,0,,,-3
645,-17,1,12,10,0,picker-0,205.0,0
646,-17,1,97,6,0,picker-0,,-1
647,-17,1,180,2,0,picker-0,,-1
648,-17,1,49,6,0,picker-0,,-1
649,-17,1,33,8,0,picker-0,,-1
650,-17,1,128,2,0,picker-0,,-1
651,-17,1,19,3,0,picker-0,,-1
652,-17,1,3,1,0,picker-0,,-1
653,-16,1,14,7,0,,,-3
654,-15,1,38,6,0,picker-1,,-1
655,-14,1,22,2,0,picker-2,,-1
656,-14,1,124,6,0,picker-2,,-1
657,-14,1,51,6,0,picker-2,250.0,0
658,-14,1,192,8,0,picker-2,,-1
659,-14,1,35,4,0,picker-2,,-1
660,-14,1,40,4,0,picker-2,,-1
661,-14,1,60,8,0,picker-2,284.0,0
662,-14,1,174,8,0,picker-2,203.0,0
663,-14,1,43,4,0,picker-2,,-1
664,-14,1,103,6,0,picker-2,,-1
665,-14,1,25,8,0,picker-2,,-1
666,-14,1,403,4,0,picker-2,,-1
667,-14,1,12,10,0,picker-2,,-1
668,-14,1,123,11,0,picker-2,,-1
669,-14,1,9,7,0,picker-2,,-1
670,-14,1,11,8,0,picker-2,,-1
671,-14,1,1,6,0,picker-2,,-1
672,-14,1,303,10,0,picker-2,,-1
673,-13,1,79,11,0,,,-3
674,-13,1,163,12,0,,,-3
675,-13,1,0,8,0,,,-3
676,-13,1,76,12,0,,,-3
677,-13,1,68,8,0,,,-3
678,-12,1,31,6,0,picker-2,,-1
679,-12,1,33,8,0,picker-2,,-1
680,-12,1,0,6,0,picker-2,,-1
681,-12,1,113,10,0,picker-2,,-1
682,-11,1,38,5,0,,,-3
683,-10,1,0,3,0,,,-3
684,-10,1,226,10,0,,,-3
685,-9,1,35,8,0,picker-2,,-1
686,-9,1,183,12,0,picker-2,,-1
687,-9,1,231,6,0,picker-2,172.0,0
688,-9,1,43,9,0,picker-2,,-1
689,-9,1,13,11,0,picker-2,,-1
690,-9,1,180,9,0,picker-2,,-1
691,-9,1,120,10,0,picker-2,,-1
692,-8,1,52,8,0,,,-3
693,-7,1,28,10,0,picker-1,,-1
694,-6,1,405,10,0,,,-3
695,-5,1,33,2,0,,,-3
696,-4,1,0,4,0,,,-3
697,-3,1,11,11,0,,,-3
698,-2,1,151,6,0,,,-3
699,-2,1,12,6,0,,,-3
700,-2,1,34,7,0,,,-3
701,-2,1,111,5,0,,,-3
702,-2,1,26,8,0,,,-3
703,-2,1,17,10,0,,,-3
704,-2,1,46,8,0,,,-3
705,-2,1,247,1,0,,,-3
706,-1,1,126,4,0,,,-3
707,-1,1,205,7,0,,,-3
708,-50,1,70,6,0,,,-3
709,-50,1,147,5,0,,,-3
710,-50,1,35,5,0,,,-3
711,-49,1,31,6,0,,,-3
712,-49,1,9,2,0,,,-3
713,-49,1,1,9,0,,,-3
714,-49,1,22,5,0,,,-3
715,-48,1,130,8,0,,,-3
716,-48,1,3,11,0,,,-3
717,-48,1,10,1,0,,,-3
718,-47,1,52,10,0,,,-3
719,-47,1,145,8,0,,,-3
720,-47,1,81,6,0,,,-3
721,-47,1,43,6,0,,,-3
722,-47,1,3,10,0,,,-3
723,-47,1,53,7,0,,,-3
724,-47,1,96,8,0,,,-3
725,-47,1,2,6,0,,,-3
726,-47,1,17,6,0,,,-3
727,-47,1,7,2,0,,,-3
728,-47,1,6,8,0,,,-3
729,-47,1,20,8,0,,,-3
730,-47,1,76,5,0,,,-3
731,-47,1,47,8,0,,,-3
732,-46,1,152,6,0,,,-3
733,-46,1,95,5,0,,,-3
734,-46,1,91,12,0,,,-3
735,-46,1,57,11,0,,,-3
736,-46,1,60,2,0,,,-3
737,-45,1,88,5,0,picker-2,176.0,0
738,-45,1,1,7,0,picker-2,216.0,0
739,-45,1,104,2,0,picker-2,295.0,0
740,-45,1,26,8,0,picker-2,261.0,0
741,-45,1,34,4,0,picker-2,112.0,0
742,-45,1,46,9,0,picker-2,178.0,0
743,-45,1,10,12,0,picker-2,136.0,0
744,-45,1,186,2,0,picker-2,16.0,0
745,-45,1,0,4,0,picker-2,244.0,0
746,-45,1,75,12,0,picker-2,15.0,0
747,-45,1,311,5,0,picker-2,223.0,0
748,-45,1,192,3,0,picker-2,228.0,0
749,-44,1,194,6,0,picker-0,210.0,0
750,-44,1,11,5,0,picker-0,218.0,0
751,-43,1,9,6,0,picker-2,,-1
752,-43,1,111,4,0,picker-2,,-1
753,-43,1,453,4,0,picker-2,95.0,0
754,-43,1,3,8,0,picker-2,,-1
755,-43,1,6,4,0,picker-2,,-1
756,-43,1,27,4,0,picker-2,232.0,0
757,-43,1,183,6,0,picker-2,209.0,0
758,-43,1,39,9,0,picker-2,,-1
759,-43,1,42,6,0,picker-2,,-1
760,-42,1,19,6,0,,,-3
761,-42,1,48,12,0,,,-3
762,-42,1,6,4,0,,,-3
763,-42,1,16,7,0,,,-3
764,-42,1,10,3,0,,,-3
765,-41,1,338,6,0,picker-1,293.0,0
766,-41,1,9,8,0,picker-1,119.0,0
767,-41,1,138,12,0,picker-1,233.0,0
768,-41,1,402,9,0,picker-1,179.0,0
769,-41,1,8,6,0,picker-1,185.0,0
770,-41,1,2,9,0,picker-1,48.0,0
771,-41,1,12,4,0,picker-1,76.0,0
772,-41,1,4,4,0,picker-1,182.0,0
773,-41,1,0,2,0,picker-1,4.0,0
774,-40,1,158,12,0,picker-0,,-1
775,-40,1,57,4,0,picker-0,,-1
776,-39,1,3,11,0,picker-0,,-1
777,-39,1,24,11,0,picker-0,,-1
778,-39,1,17,3,0,picker-0,,-1
779,-39,1,191,7,0,picker-0,,-1
780,-38,1,28,6,0,,,-3
781,-38,1,69,5,0,,,-3
782,-38,1,299,4,0,,,-3
783,-38,1,4,11,0,,,-3
784,-38,1,41,4,0,,,-3
785,-38,1,14,2,0,,,-3
786,-38,1,111,10,0,,,-3
787,-38,1,194,10,0,,,-3
788,-37,1,4,8,0,,,-3
789,-37,1,30,9,0,,,-3
790,-36,1,70,4,0,,,-3
791,-35,1,53,8,0,,,-3
792,-34,1,48,8,0,picker-1,,-1
793,-34,1,133,11,0,picker-1,,-1
794,-34,1,4,8,0,picker-1,3.0,0
795,-33,1,304,4,0,,,-3
796,-33,1,15,8,0,,,-3
797,-33,1,34,10,0,,,-3
798,-32,1,37,4,0,,,-3
799,-32,1,0,6,0,,,-3
800,-31,1,25,8,0,picker-0,,-1
801,-31,1,83,7,0,picker-0,,-1
802,-30,1,106,8,0,picker-0,,-1
803,-30,1,24,10,0,picker-0,,-1
804,-29,1,104,6,0,picker-1,,-1
805,-29,1,16,4,0,picker-1,,-1
806,-29,1,22,3,0,picker-1,,-1
807,-29,1,1,6,0,picker-1,,-1
808,-29,1,4,8,0,picker-1,117.0,0
809,-28,1,103,8,0,,,-3
810,-27,1,124,6,0,,,-3
811,-27,1,18,6,0,,,-3
812,-26,1,1,8,0,picker-1,,-1
813,-26,1,101,5,0,picker-1,,-1
814,-25,1,135,9,0,,,-3
815,-25,1,34,4,0,,,-3
816,-25,1,5,8,0,,,-3
817,-24,1,13,8,0,picker-2,,-1
818,-24,1,59,10,0,picker-2,,-1
819,-24,1,145,11,0,picker-2,,-1
820,-23,1,49,4,0,,,-3
821,-23,1,386,11,0,,,-3
822,-23,1,5,4,0,,,-3
823,-23,1,40,6,0,,,-3
824,-22,1,1,3,0,,,-3
825,-21,1,157,4,0,,,-3
826,-20,1,193,6,0,,,-3
827,-19,1,186,6,0,,,-3
828,-18,1,52,8,0,,,-3
829,-18,1,426,10,0,,,-3
830,-18,1,1,4,0,,,-3
831,-17,1,2,7,0,picker-0,,-1
832,-17,1,68,9,0,picker-0,,-1
833,-17,1,15,4,0,picker-0,,-1
834,-16,1,34,7,0,,,-3
835,-15,1,68,10,0,picker-1,292.0,0
836,-15,1,0,8,0,picker-1,,-1
837,-15,1,29,6,0,picker-1,,-1
838,-15,1,20,12,0,picker-1,131.0,0
839,-14,1,390,12,0,picker-2,,-1
840,-14,1,41,3,0,picker-2,,-1
841,-14,1,11,10,0,picker-2,,-1
842,-13,1,102,1,0,,,-3
843,-13,1,40,7,0,,,-3
844,-13,1,23,6,0,,,-3
845,-13,1,29,5,0,,,-3
846,-13,1,89,10,0,,,-3
847,-13,1,136,7,0,,,-3
848,-13,1,31,8,0,,,-3
849,-13,1,192,6,0,,,-3
850,-13,1,137,11,0,,,-3
851,-13,1,465,10,0,,,-3
852,-13,1,180,8,0,,,-3
853,-13,1,17,12,0,,,-3
854,-13,1,77,9,0,,,-3
855,-12,1,19,9,0,picker-2,,-1
856,-12,1,480,8,0,picker-2,214.0,0
857,-12,1,42,6,0,picker-2,,-1
858,-12,1,13,9,0,picker-2,,-1
859,-11,1,23,6,0,,,-3
860,-11,1,96,3,0,,,-3
861,-11,1,113,6,0,,,-3
862,-11,1,41,6,0,,,-3
863,-11,1,145,8,0,,,-3
864,-11,1,156,4,0,,,-3
865,-10,1,7,6,0,,,-3
866,-10,1,71,5,0,,,-3
867,-10,1,120,12,0,,,-3
868,-10,1,137,10,0,,,-3
869,-9,1,21,6,0,picker-2,,-1
870,-8,1,109,3,0,,,-3
871,-8,1,102,5,0,,,-3
872,-7,1,42,8,0,picker-1,,-1
873,-7,1,43,8,0,picker-1,,-1
874,-7,1,23,9,0,picker-1,,-1
875,-7,1,32,10,0,picker-1,,-1
876,-7,1,149,6,0,picker-1,,-1
877,-7,1,21,12,0,picker-1,,-1
878,-7,1,13,2,0,picker-1,,-1
879,-6,1,1,6,0,,,-3
880,-6,1,145,8,0,,,-3
881,-6,1,374,12,0,,,-3
882,-5,1,35,5,0,,,-3
883,-5,1,379,6,0,,,-3
884,-5,1,458,7,0,,,-3
885,-5,1,2,6,0,,,-3
886,-4,1,49,6,0,,,-3
887,-4,1,139,12,0,,,-3
888,-4,1,59,7,0,,,-3
889,-4,1,189,4,0,,,-3
890,-4,1,1,4,0,,,-3
891,-4,1,13,4,0,,,-3
892,-4,1,92,6,0,,,-3
893,-4,1,136,3,0,,,-3
894,-4,1,19,10,0,,,-3
895,-3,1,11,10,0,,,-3
896,-3,1,196,6,0,,,-3
897,-3,1,1,12,0,,,-3
898,-3,1,318,4,0,,,-3
899,-3,1,37,8,0,,,-3
900,-3,1,176,7,0,,,-3
901,-2,1,74,10,0,,,-3
902,-2,1,289,8,0,,,-3
903,-1,1,5,3,0,,,-3
904,-50,1,68,5,0,,,-3
905,-50,1,10,7,0,,,-3
906,-49,1,198,12,0,,,-3
907,-49,1,212,6,0,,,-3
908,-48,1,2,5,0,,,-3
909,-48,1,7,9,0,,,-3
910,-47,1,25,7,0,,,-3
911,-47,1,2,10,0,,,-3
912,-47,1,285,2,0,,,-3
913,-47,1,31,5,0,,,-3
914,-47,1,42,9,0,,,-3
915,-47,1,0,7,0,,,-3
916,-46,1,3,6,0,,,-3
917,-45,1,31,8,0,picker-2,64.0,0
918,-44,1,43,5,0,picker-0,247.0,0
919,-44,1,146,6,0,picker-0,270.0,0
920,-44,1,12,6,0,picker-0,288.0,0
921,-44,1,42,7,0,picker-0,234.0,0
922,-44,1,169,6,0,picker-0,196.0,0
923,-44,1,56,6,0,picker-0,18.0,0
924,-44,1,96,4,0,picker-0,10.0,0
925,-44,1,29,8,0,picker-0,200.0,0
926,-43,1,38,6,0,picker-2,230.0,0
927,-43,1,85,4,0,picker-2,,-1
928,-43,1,0,3,0,picker-2,,-1
929,-43,1,6,2,0,picker-2,,-1
930,-42,1,27,10,0,,,-3
931,-42,1,111,5,0,,,-3
932,-42,1,13,8,0,,,-3
933,-42,1,309,9,0,,,-3
934,-42,1,24,6,0,,,-3
935,-41,1,21,10,0,picker-1,148.0,0
936,-40,1,189,12,0,picker-0,,-1
937,-40,1,35,8,0,picker-0,,-1
938,-40,1,140,12,0,picker-0,194.0,0
939,-40,1,6,5,0,picker-0,,-1
940,-39,1,42,8,0,picker-0,,-1
941,-39,1,14,6,0,picker-0,,-1
942,-39,1,11,10,0,picker-0,,-1
943,-39,1,5,5,0,picker-0,,-1
944,-39,1,285,7,0,picker-0,,-1
945,-39,1,73,4,0,picker-0,,-1
946,-39,1,10,5,0,picker-0,,-1
947,-38,1,167,10,0,,,-3
948,-38,1,87,6,0,,,-3
949,-37,1,64,7,0,,,-3
950,-37,1,1,12,0,,,-3
951,-36,1,7,4,0,,,-3
952,-36,1,12,6,0,,,-3
953,-35,1,1,5,0,,,-3
954,-35,1,5,2,0,,,-3
955,-34,1,130,4,0,picker-1,,-1
956,-34,1,78,4,0,picker-1,,-1
957,-33,1,1,2,0,,,-3
958,-32,1,142,4,0,,,-3
959,-32,1,28,6,0,,,-3
960,-32,1,153,4,0,,,-3
961,-32,1,8,3,0,,,-3
962,-32,1,35,4,0,,,-3
963,-32,1,98,7,0,,,-3
964,-32,1,9,8,0,,,-3
965,-31,1,46,2,0,picker-0,,-1
966,-31,1,383,10,0,picker-0,34.0,0
967,-31,1,195,4,0,picker-0,,-1
968,-31,1,2,2,0,picker-0,,-1
969,-31,1,18,4,0,picker-0,,-1
970,-31,1,87,10,0,picker-0,,-1
971,-31,1,184,8,0,picker-0,,-1
972,-30,1,3,2,0,picker-0,,-1
973,-30,1,1,8,0,picker-0,,-1
974,-30,1,20,8,0,picker-0,,-1
975,-30,1,164,6,0,picker-0,,-1
976,-30,1,12,10,0,picker-0,199.0,0
977,-30,1,65,6,0,picker-0,,-1
978,-30,1,148,5,0,picker-0,97.0,0
979,-30,1,10,7,0,picker-0,,-1
980,-29,1,17,9,0,picker-1,,-1
981,-29,1,81,2,0,picker-1,,-1
982,-28,1,37,2,0,,,-3
983,-28,1,150,3,0,,,-3
984,-28,1,17,10,0,,,-3
985,-27,1,71,4,0,,,-3
986,-27,1,32,4,0,,,-3
987,-27,1,477,5,0,,,-3
988,-27,1,483,4,0,,,-3
989,-26,1,84,2,0,picker-1,,-1
990,-26,1,109,8,0,picker-1,114.0,0
991,-25,1,27,7,0,,,-3
992,-24,1,0,11,0,picker-2,,-1
993,-24,1,13,10,0,picker-2,,-1
994,-23,1,235,10,0,,,-3
995,-22,1,478,8,0,,,-3
996,-22,1,17,10,0,,,-3
997,-22,1,178,2,0,,,-3
998,-22,1,6,9,0,,,-3
999,-22,1,10,4,0,,,-3
1000,-22,1,186,8,0,,,-3
1001,-21,1,17,8,0,,,-3
1002,-21,1,21,10,0,,,-3
1003,-21,1,299,8,0,,,-3
1004,-20,1,63,10,0,,,-3
1005,-20,1,114,9,0,,,-3
1006,-20,1,49,6,0,,,-3
1007,-20,1,8,5,0,,,-3
1008,-20,1,78,4,0,,,-3
1009,-20,1,125,2,0,,,-3
1010,-20,1,118,4,0,,,-3
1011,-20,1,2,10,0,,,-3
1012,-19,1,4,8,0,,,-3
1013,-19,1,447,10,0,,,-3
1014,-18,1,14,8,0,,,-3
1015,-18,1,97,4,0,,,-3
1016,-17,1,100,8,0,picker-0,,-1
1017,-17,1,7,7,0,picker-0,,-1
1018,-17,1,0,7,0,picker-0,,-1
1019,-16,1,32,8,0,,,-3
1020,-16,1,5,5,0,,,-3
1021,-15,1,177,4,0,picker-1,,-1
1022,-15,1,6,9,0,picker-1,,-1
1023,-14,1,34,9,0,picker-2,,-1
1024,-14,1,339,4,0,picker-2,,-1
1025,-13,1,16,8,0,,,-3
1026,-13,1,247,4,0,,,-3
1027,-13,1,47,1,0,,,-3
1028,-13,1,3,10,0,,,-3
1029,-13,1,29,9,0,,,-3
1030,-13,1,26,4,0,,,-3
1031,-13,1,298,9,0,,,-3
1032,-13,1,24,3,0,,,-3
1033,-12,1,138,12,0,picker-2,,-1
1034,-12,1,10,8,0,picker-2,,-1
1035,-12,1,37,8,0,picker-2,,-1
1036,-12,1,6,12,0,picker-2,19.0,0
1037,-12,1,358,6,0,picker-2,40.0,0
1038,-12,1,342,2,0,picker-2,56.0,0
1039,-12,1,109,7,0,picker-2,,-1
1040,-11,1,37,10,0,,,-3
1041,-11,1,13,12,0,,,-3
1042,-11,1,95,6,0,,,-3
1043,-10,1,96,8,0,,,-3
1044,-9,1,194,3,0,picker-2,142.0,0
1045,-9,1,10,4,0,picker-2,,-1
1046,-9,1,0,4,0,picker-2,,-1
1047,-9,1,12,2,0,picker-2,,-1
1048,-9,1,3,7,0,picker-2,,-1
1049,-9,1,18,5,0,picker-2,,-1
1050,-9,1,91,5,0,picker-2,,-1
1051,-9,1,79,2,0,picker-2,225.0,0
1052,-8,1,413,6,0,,,-3
1053,-7,1,280,9,0,picker-1,,-1
1054,-7,1,40,3,0,picker-1,,-1
1055,-6,1,5,5,0,,,-3
1056,-6,1,49,2,0,,,-3
1057,-6,1,66,3,0,,,-3
1058,-6,1,6,10,0,,,-3
1059,-6,1,12,5,0,,,-3
1060,-6,1,254,2,0,,,-3
1061,-6,1,245,12,0,,,-3
1062,-6,1,39,10,0,,,-3
1063,-6,1,197,6,0,,,-3
1064,-5,1,93,8,0,,,-3
1065,-5,1,65,10,0,,,-3
1066,-4,1,153,4,0,,,-3
1067,-4,1,8,10,0,,,-3
1068,-4,1,12,10,0,,,-3
1069,-3,1,85,3,0,,,-3
1070,-2,1,150,5,0,,,-3
1071,-1,1,225,5,0,,,-3
1072,-1,1,29,6,0,,,-3
1073,-1,1,16,6,0,,,-3
1074,-1,1,63,4,0,,,-3
1075,-1,1,62,9,0,,,-3
1076,-1,1,44,12,0,,,-3
1077,-1,1,15,3,0,,,-3
1078,-50,1,28,4,0,,,-3
1079,-49,1,41,5,0,,,-3
1080,-49,1,4,4,0,,,-3
1081,-49,1,36,4,0,,,-3
1082,-48,1,21,10,0,,,-3
1083,-48,1,53,8,0,,,-3
1084,-48,1,15,8,0,,,-3
1085,-47,1,0,10,0,,,-3
1086,-46,1,14,9,0,,,-3
1087,-45,1,0,1,0,picker-2,244.0,0
1088,-44,1,65,10,0,picker-0,150.0,0
1089,-44,1,33,8,0,picker-0,274.0,0
1090,-44,1,11,10,0,picker-0,218.0,0
1091,-44,1,3,7,0,picker-0,8.0,0
1092,-44,1,34,9,0,picker-0,77.0,0
1093,-43,1,31,10,0,picker-2,,-1
1094,-43,1,20,8,0,picker-2,,-1
1095,-42,1,42,5,0,,,-3
1096,-42,1,45,3,0,,,-3
1097,-42,1,13,4,0,,,-3
1098,-42,1,291,12,0,,,-3
1099,-42,1,26,11,0,,,-3
1100,-42,1,11,4,0,,,-3
1101,-42,1,2,10,0,,,-3
1102,-41,1,1,2,0,picker-1,165.0,0
1103,-40,1,99,8,0,picker-0,,-1
1104,-39,1,73,11,0,picker-0,,-1
1105,-38,1,192,6,0,,,-3
1106,-37,1,230,5,0,,,-3
1107,-36,1,434,5,0,,,-3
1108,-35,1,26,4,0,,,-3
1109,-35,1,28,10,0,,,-3
1110,-34,1,139,8,0,picker-1,,-1
1111,-34,1,309,4,0,picker-1,,-1
1112,-34,1,195,11,0,picker-1,,-1
1113,-33,1,42,8,0,,,-3
1114,-32,1,8,7,0,,,-3
1115,-32,1,42,2,0,,,-3
1116,-32,1,237,4,0,,,-3
1117,-32,1,7,6,0,,,-3
1118,-32,1,28,4,0,,,-3
1119,-31,1,79,4,0,picker-0,,-1
1120,-31,1,328,6,0,picker-0,169.0,0
1121,-31,1,12,6,0,picker-0,,-1
1122,-30,1,93,11,0,picker-0,,-1
1123,-30,1,279,9,0,picker-0,,-1
1124,-30,1,73,1,0,picker-0,,-1
1125,-30,1,187,5,0,picker-0,,-1
1126,-30,1,172,6,0,picker-0,,-1
1127,-30,1,82,4,0,picker-0,,-1
1128,-29,1,8,2,0,picker-1,,-1
1129,-29,1,157,10,0,picker-1,144.0,0
1130,-29,1,3,11,0,picker-1,,-1
1131,-29,1,125,6,0,picker-1,,-1
1132,-28,1,79,3,0,,,-3
1133,-27,1,6,4,0,,,-3
1134,-27,1,79,6,0,,,-3
1135,-27,1,117,1,0,,,-3
1136,-27,1,0,10,0,,,-3
1137,-27,1,210,10,0,,,-3
1138,-26,1,107,2,0,picker-1,,-1
1139,-26,1,134,8,0,picker-1,,-1
1140,-26,1,38,6,0,picker-1,,-1
1141,-26,1,155,4,0,picker-1,,-1
1142,-25,1,9,8,0,,,-3
1143,-24,1,151,12,0,picker-2,147.0,0
1144,-24,1,374,3,0,picker-2,151.0,0
1145,-24,1,84,12,0,picker-2,14.0,0
1146,-24,1,40,6,0,picker-2,,-1
1147,-24,1,26,7,0,picker-2,,-1
1148,-24,1,17,4,0,picker-2,,-1
1149,-24,1,52,4,0,picker-2,,-1
1150,-24,1,19,6,0,picker-2,,-1
1151,-24,1,140,6,0,picker-2,33.0,0
1152,-24,1,339,3,0,picker-2,,-1
1153,-24,1,12,6,0,picker-2,222.0,0
1154,-24,1,170,4,0,picker-2,,-1
1155,-24,1,182,7,0,picker-2,75.0,0
1156,-24,1,31,10,0,picker-2,,-1
1157,-24,1,54,7,0,picker-2,83.0,0
1158,-23,1,13,12,0,,,-3
1159,-23,1,29,1,0,,,-3
1160,-23,1,4,2,0,,,-3
1161,-23,1,210,12,0,,,-3
1162,-22,1,11,6,0,,,-3
1163,-22,1,3,9,0,,,-3
1164,-22,1,6,11,0,,,-3
1165,-22,1,140,6,0,,,-3
1166,-22,1,19,8,0,,,-3
1167,-22,1,191,8,0,,,-3
1168,-22,1,2,5,0,,,-3
1169,-21,1,109,1,0,,,-3
1170,-20,1,12,8,0,,,-3
1171,-19,1,8,6,0,,,-3
1172,-19,1,24,4,0,,,-3
1173,-18,1,12,3,0,,,-3
1174,-17,1,7,8,0,picker-0,,-1
1175,-17,1,211,8,0,picker-0,,-1
1176,-17,1,168,12,0,picker-0,,-1
1177,-16,1,74,8,0,,,-3
1178,-16,1,38,9,0,,,-3
1179,-15,1,4,7,0,picker-1,134.0,0
1180,-14,1,5,5,0,picker-2,,-1
1181,-14,1,148,7,0,picker-2,104.0,0
1182,-13,1,23,4,0,,,-3
1183,-13,1,19,2,0,,,-3
1184,-13,1,12,8,0,,,-3
1185,-12,1,40,12,0,picker-2,,-1
1186,-12,1,46,9,0,picker-2,,-1
1187,-12,1,44,4,0,picker-2,,-1
1188,-12,1,0,7,0,picker-2,,-1
1189,-12,1,21,5,0,picker-2,,-1
1190,-11,1,302,4,0,,,-3
1191,-11,1,321,12,0,,,-3
1192,-10,1,10,7,0,,,-3
1193,-10,1,55,3,0,,,-3
1194,-10,1,18,4,0,,,-3
1195,-9,1,182,10,0,picker-2,278.0,0
1196,-9,1,75,2,0,picker-2,,-1
1197,-9,1,5,12,0,picker-2,,-1
1198,-9,1,20,8,0,picker-2,,-1
1199,-9,1,17,4,0,picker-2,,-1
1200,-8,1,31,10,0,,,-3
1201,-8,1,125,10,0,,,-3
1202,-7,1,23,6,0,picker-1,,-1
1203,-6,1,31,8,0,,,-3
1204,-5,1,11,4,0,,,-3
1205,-4,1,14,12,0,,,-3
1206,-4,1,25,6,0,,,-3
1207,-3,1,112,4,0,,,-3
1208,-2,1,28,4,0,,,-3
1209,-2,1,41,3,0,,,-3
1210,-2,1,5,6,0,,,-3
1211,-2,1,300,5,0,,,-3
1212,-1,1,123,2,0,,,-3
1213,0,1,24,8,480,,,-3
1214,0,1,4,6,480,,,-3
1215,0,1,3,4,480,,,-3
1216,0,1,188,12,480,,,-3
1217,1,1,220,1,480,,,-3
1218,2,1,204,5,480,,,-3
1219,2,1,19,9,480,,,-3
1220,3,1,203,8,540,,,-3
1221,3,1,20,8,540,,,-3
1222,3,1,44,6,540,,,-3
1223,3,1,7,7,540,,,-3
1224,4,1,18,8,600,,,-3
1225,4,1,21,4,600,,,-3
1226,4,1,33,6,600,,,-3
1227,5,1,19,11,600,,,-3
1228,5,1,74,9,600,,,-3
1229,5,1,11,6,600,,,-3
1230,5,1,304,12,600,,,-3
1231,6,1,7,10,600,,,-3
1232,7,1,5,4,660,,,-3
1233,7,1,33,6,660,,,-3
1234,8,1,175,7,660,,,-3
1235,8,1,25,10,660,,,-3
1236,8,1,5,8,660,,,-3
1237,8,1,11,4,660,,,-3
1238,8,1,73,6,660,,,-3
1239,8,1,26,5,660,,,-3
1240,8,1,1,6,660,,,-3
1241,8,1,42,8,660,,,-3
1242,8,1,69,10,660,,,-3
1243,8,1,41,5,660,,,-3
1244,9,1,28,12,720,,,-3
1245,9,1,33,11,720,,,-3
1246,9,1,16,5,720,,,-3
1247,9,1,103,6,720,,,-3
1248,10,1,28,4,780,,,-3
1249,11,1,8,3,780,,,-3
1250,12,1,275,8,780,,,-3
1251,12,1,15,3,780,,,-3
1252,12,1,30,7,780,,,-3
1253,13,1,101,6,840,,,-3
1254,13,1,279,4,840,,,-3
1255,13,1,176,4,840,,,-3
1256,13,1,44,4,840,,,-3
1257,13,1,16,3,840,,,-3
1258,14,1,23,6,840,,,-3
1259,14,1,5,8,840,,,-3
1260,14,1,127,3,840,,,-3
1261,15,1,178,8,840,,,-3
1262,15,1,35,7,840,,,-3
1263,16,1,64,8,900,,,-3
1264,17,1,20,12,900,,,-3
1265,17,1,51,5,900,,,-3
1266,17,1,18,6,900,,,-3
1267,17,1,170,6,900,,,-3
1268,17,1,435,7,900,,,-3
1269,18,1,7,7,960,,,-3
1270,18,1,44,4,960,,,-3
1271,19,1,33,9,960,,,-3
1272,20,1,123,4,960,,,-3
1273,20,1,23,7,960,,,-3
1274,21,1,68,6,1080,,,-3
1275,21,1,14,10,1080,,,-3
1276,22,1,18,4,1080,,,-3
1277,23,1,44,4,1140,,,-3
1278,24,1,493,4,1140,,,-3
1279,24,1,37,6,1140,,,-3
1280,25,1,13,4,1200,,,-3
1281,25,1,7,6,1200,,,-3
1282,25,1,6,7,1200,,,-3
1283,26,1,74,4,1260,,,-3
1284,26,1,153,10,1260,,,-3
1285,27,1,20,5,1380,,,-3
1286,28,1,28,7,1560,,,-3
1287,28,1,22,3,1560,,,-3
1288,28,1,383,5,1560,,,-3
1289,29,1,5,8,1620,,,-3
1290,29,1,3,12,1620,,,-3
1291,30,1,313,7,1620,,,-3
1292,31,1,19,11,1680,,,-3
1293,31,1,86,7,1680,,,-3
1294,32,1,186,9,1680,,,-3
1295,32,1,78,8,1680,,,-3
1296,32,1,32,8,1680,,,-3
1297,32,1,30,10,1680,,,-3
1298,33,1,33,8,1740,,,-3
1299,34,1,42,4,1860,,,-3
1300,34,1,17,4,1860,,,-3
1301,34,1,31,4,1860,,,-3
1302,34,1,0,10,1860,,,-3
1303,34,1,49,2,1860,,,-3
1304,34,1,68,3,1860,,,-3
1305,34,1,38,11,1860,,,-3
1306,34,1,72,5,1860,,,-3
1307,35,1,2,6,1860,,,-3
1308,35,1,9,8,1860,,,-3
1309,36,1,42,5,1920,,,-3
1310,36,1,142,2,1920,,,-3
1311,37,1,18,6,1920,,,-3
1312,37,1,195,6,1920,,,-3
1313,38,1,15,1,1980,,,-3
1314,38,1,33,4,1980,,,-3
1315,38,1,146,10,1980,,,-3
1316,38,1,10,2,1980,,,-3
1317,39,1,195,3,2040,,,-3
1318,40,1,212,10,2040,,,-3
1319,40,1,2,11,2040,,,-3
1320,41,1,6,10,2040,,,-3
1321,42,1,155,8,2160,,,-3
1322,42,1,33,7,2160,,,-3
1323,43,1,45,6,2160,,,-3
1324,44,1,25,8,2160,,,-3
1325,44,1,381,9,2160,,,-3
1326,44,1,41,2,2160,,,-3
1327,45,1,365,6,2220,,,-3
1328,46,1,236,10,2220,,,-3
1329,46,1,317,8,2220,,,-3
1330,46,1,28,10,2220,,,-3
1331,47,1,129,4,2220,,,-3
1332,48,1,1,10,2220,,,-3
1333,48,1,0,8,2220,,,-3
1334,48,1,99,7,2220,,,-3
1335,48,1,25,6,2220,,,-3
1336,48,1,152,4,2220,,,-3
1337,48,1,14,7,2220,,,-3
1338,48,1,95,8,2220,,,-3
1339,48,1,164,5,2220,,,-3
1340,48,1,11,8,2220,,,-3
1341,49,1,18,3,2220,,,-3
1342,49,1,386,5,2220,,,-3
1343,49,1,33,6,2220,,,-3
1344,49,1,23,1,2220,,,-3
1345,49,1,178,6,2220,,,-3
1346,49,1,45,4,2220,,,-3
1347,49,1,0,10,2220,,,-3
1348,50,1,12,8,2280,,,-3
1349,50,1,34,7,2280,,,-3
1350,50,1,42,6,2280,,,-3
1351,50,1,108,1,2280,,,-3
1352,50,1,26,7,2280,,,-3
1353,50,1,227,12,2280,,,-3
1354,50,1,499,9,2280,,,-3
1355,51,1,140,4,2340,,,-3
1356,51,1,133,4,2340,,,-3
1357,51,1,22,9,2340,,,-3
1358,51,1,85,1,2340,,,-3
1359,51,1,98,8,2340,,,-3
1360,51,1,2,12,2340,,,-3
1361,52,1,300,4,2340,,,-3
1362,52,1,11,8,2340,,,-3
1363,52,1,46,2,2340,,,-3
1364,52,1,4,9,2340,,,-3
1365,52,1,12,8,2340,,,-3
1366,52,1,8,7,2340,,,-3
1367,52,1,0,7,2340,,,-3
1368,52,1,107,10,2340,,,-3
1369,52,1,21,4,2340,,,-3
1370,52,1,180,3,2340,,,-3
1371,52,1,78,8,2340,,,-3
1372,53,1,50,5,2400,,,-3
1373,53,1,6,3,2400,,,-3
1374,53,1,1,6,2400,,,-3
1375,53,1,47,6,2400,,,-3
1376,53,1,20,8,2400,,,-3
1377,54,1,233,4,2400,,,-3
1378,55,1,15,4,2400,,,-3
1379,55,1,95,4,2400,,,-3
1380,55,1,1,2,2400,,,-3
1381,56,1,191,9,2400,,,-3
1382,56,1,36,6,2400,,,-3
1383,57,1,5,4,2400,,,-3
1384,57,1,10,8,2400,,,-3
1385,57,1,0,6,2400,,,-3
1386,57,1,13,7,2400,,,-3
1387,57,1,6,7,2400,,,-3
1388,57,1,1,4,2400,,,-3
1389,57,1,422,4,2400,,,-3
1390,57,1,28,8,2400,,,-3
1391,58,1,24,8,2580,,,-3
1392,59,1,30,4,2580,,,-3
1393,60,1,0,9,2580,,,-3
1394,60,1,11,8,2580,,,-3
1395,60,1,136,10,2580,,,-3
1396,60,1,10,10,2580,,,-3
1397,61,1,293,6,2640,,,-3
1398,61,1,13,10,2640,,,-3
1399,61,1,21,10,2640,,,-3
1400,61,1,151,9,2640,,,-3
1401,62,1,26,6,2640,,,-3
1402,62,1,103,4,2640,,,-3
1403,62,1,19,8,2640,,,-3
1404,62,1,13,4,2640,,,-3
1405,62,1,104,9,2640,,,-3
1406,62,1,3,6,2640,,,-3
1407,62,1,21,6,2640,,,-3
1408,62,1,151,5,2640,,,-3
1409,62,1,29,7,2640,,,-3
1410,62,1,17,6,2640,,,-3
1411,62,1,167,7,2640,,,-3
1412,62,1,204,9,2640,,,-3
1413,62,1,56,9,2640,,,-3
1414,63,1,0,6,2640,,,-3
1415,63,1,51,6,2640,,,-3
1416,63,1,118,2,2640,,,-3
1417,63,1,14,4,2640,,,-3
1418,63,1,27,12,2640,,,-3
1419,64,1,21,6,2760,,,-3
1420,64,1,47,8,2760,,,-3
1421,64,1,87,1,2760,,,-3
1422,64,1,309,1,2760,,,-3
1423,64,1,9,10,2760,,,-3
1424,64,1,466,4,2760,,,-3
1425,64,1,28,12,2760,,,-3
1426,64,1,18,5,2760,,,-3
1427,65,1,68,5,2760,,,-3
1428,65,1,15,6,2760,,,-3
1429,65,1,0,3,2760,,,-3
1430,65,1,9,10,2760,,,-3
1431,65,1,227,6,2760,,,-3
1432,65,1,35,8,2760,,,-3
1433,66,1,24,12,2940,,,-3
1434,66,1,9,10,2940,,,-3
1435,66,1,31,2,2940,,,-3
1436,66,1,25,4,2940,,,-3
1437,66,1,12,10,2940,,,-3
1438,66,1,189,2,2940,,,-3
1439,66,1,453,11,2940,,,-3
1440,66,1,27,12,2940,,,-3
1441,66,1,35,8,2940,,,-3
1442,66,1,110,11,2940,,,-3
1443,66,1,152,8,2940,,,-3
1444,66,1,57,5,2940,,,-3
1445,66,1,125,8,2940,,,-3
1446,66,1,118,2,2940,,,-3
1447,66,1,330,9,2940,,,-3
1448,67,1,121,11,2940,,,-3
1449,68,1,48,4,3060,,,-3
1450,68,1,9,8,3060,,,-3
1451,68,1,416,4,3060,,,-3
1452,68,1,41,6,3060,,,-3
1453,68,1,11,8,3060,,,-3
1454,68,1,285,5,3060,,,-3
1455,69,1,193,9,3060,,,-3
1456,69,1,212,4,3060,,,-3
1457,70,1,37,10,3120,,,-3
1458,71,1,22,4,3180,,,-3
1459,71,1,39,5,3180,,,-3
1460,72,1,1,6,3300,,,-3
1461,73,1,35,10,3300,,,-3
1462,73,1,130,8,3300,,,-3
1463,73,1,42,10,3300,,,-3
1464,73,1,48,6,3300,,,-3
1465,74,1,7,10,3360,,,-3
1466,75,1,1,8,3360,,,-3
1467,75,1,0,12,3360,,,-3
1468,76,1,44,8,3360,,,-3
1469,77,1,17,10,3360,,,-3
1470,77,1,50,6,3360,,,-3
1471,78,1,36,8,3480,,,-3
1472,78,1,109,8,3480,,,-3
1473,78,1,38,8,3480,,,-3
1474,79,1,223,5,3480,,,-3
1475,79,1,26,2,3480,,,-3
1476,80,1,365,10,3540,,,-3
1477,80,1,26,4,3540,,,-3
1478,80,1,14,6,3540,,,-3
1479,80,1,66,4,3540,,,-3
1480,80,1,148,4,3540,,,-3
1481,80,1,48,6,3540,,,-3
1482,80,1,60,7,3540,,,-3
1483,80,1,111,12,3540,,,-3
1484,80,1,27,1,3540,,,-3
1485,81,1,234,12,3600,,,-3
1486,82,1,109,9,3660,,,-3
1487,83,1,42,8,3660,,,-3
1488,83,1,67,7,3660,,,-3
1489,84,1,135,8,3720,,,-3
1490,85,1,9,9,3720,,,-3
1491,86,1,152,4,3780,,,-3
1492,86,1,171,3,3780,,,-3
1493,86,1,5,6,3780,,,-3
1494,86,1,158,6,3780,,,-3
1495,86,1,34,4,3780,,,-3
1496,87,1,86,4,3780,,,-3
1497,87,1,3,10,3780,,,-3
1498,87,1,109,10,3780,,,-3
1499,87,1,105,3,3780,,,-3
1500,87,1,113,8,3780,,,-3
1501,88,1,11,9,3840,,,-3
1502,89,1,115,6,3840,,,-3
1503,89,1,81,6,3840,,,-3
1504,90,1,42,10,3840,,,-3
1505,90,1,124,10,3840,,,-3
1506,91,1,43,10,3840,,,-3
1507,92,1,178,11,3840,,,-3
1508,92,1,165,5,3840,,,-3
1509,93,1,0,6,3840,,,-3
1510,94,1,169,3,3900,,,-3
1511,94,1,6,7,3900,,,-3
1512,94,1,277,8,3900,,,-3
1513,94,1,66,6,3900,,,-3
1514,95,1,7,8,3900,,,-3
1515,95,1,1,10,3900,,,-3
1516,96,1,5,8,3600,,,-3
1517,96,1,12,4,3600,,,-3
1518,96,1,15,2,3600,,,-3
1519,96,1,40,8,3600,,,-3
1520,96,1,23,6,3600,,,-3
1521,96,1,2,11,3600,,,-3
1522,96,1,142,8,3600,,,-3
1523,96,1,3,8,3600,,,-3
1524,96,1,85,3,3600,,,-3
1525,97,1,121,7,3600,,,-3
1526,97,1,116,6,3600,,,-3
1527,97,1,48,10,3600,,,-3
1528,97,1,19,5,3600,,,-3
1529,97,1,33,4,3600,,,-3
1530,98,1,15,7,3720,,,-3
1531,98,1,17,7,3720,,,-3
1532,98,1,172,5,3720,,,-3
1533,99,1,49,7,3720,,,-3
1534,100,1,13,5,3780,,,-3
1535,100,1,0,4,3780,,,-3
1536,100,1,145,7,3780,,,-3
1537,100,1,3,4,3780,,,-3
1538,100,1,81,7,3780,,,-3
1539,101,1,150,3,3780,,,-3
1540,101,1,133,8,3780,,,-3
1541,101,1,64,10,3780,,,-3
1542,102,1,23,8,3780,,,-3
1543,102,1,22,12,3780,,,-3
1544,102,1,1,5,3780,,,-3
1545,102,1,334,6,3780,,,-3
1546,103,1,77,4,3840,,,-3
1547,103,1,5,6,3840,,,-3
1548,103,1,102,6,3840,,,-3
1549,103,1,48,4,3840,,,-3
1550,103,1,198,5,3840,,,-3
1551,103,1,128,11,3840,,,-3
1552,103,1,71,7,3840,,,-3
1553,103,1,49,4,3840,,,-3
1554,103,1,29,6,3840,,,-3
1555,103,1,314,6,3840,,,-3
1556,103,1,15,10,3840,,,-3
1557,103,1,267,5,3840,,,-3
1558,104,1,414,8,3840,,,-3
1559,104,1,6,9,3840,,,-3
1560,105,1,188,1,3840,,,-3
1561,105,1,411,12,3840,,,-3
1562,105,1,420,4,3840,,,-3
1563,106,1,61,7,3900,,,-3
1564,106,1,120,4,3900,,,-3
1565,107,1,26,4,3900,,,-3
1566,107,1,31,6,3900,,,-3
1567,108,1,34,10,3900,,,-3
1568,108,1,29,3,3900,,,-3
1569,108,1,171,4,3900,,,-3
1570,109,1,195,5,3960,,,-3
1571,109,1,0,8,3960,,,-3
1572,110,1,3,6,3960,,,-3
1573,111,1,4,3,3960,,,-3
1574,111,1,49,8,3960,,,-3
1575,111,1,20,8,3960,,,-3
1576,112,1,36,4,4080,,,-3
1577,112,1,107,7,4080,,,-3
1578,112,1,196,5,4080,,,-3
1579,113,1,253,7,4080,,,-3
1580,113,1,80,3,4080,,,-3
1581,113,1,23,6,4080,,,-3
1582,114,1,157,10,4140,,,-3
1583,115,1,2,8,4140,,,-3
1584,115,1,9,8,4140,,,-3
1585,115,1,27,9,4140,,,-3
1586,116,1,5,5,4140,,,-3
1587,116,1,155,2,4140,,,-3
1588,116,1,222,8,4140,,,-3
1589,116,1,88,10,4140,,,-3
1590,116,1,11,7,4140,,,-3
1591,117,1,25,10,4200,,,-3
1592,117,1,44,9,4200,,,-3
1593,117,1,4,2,4200,,,-3
1594,117,1,123,5,4200,,,-3
1595,117,1,86,10,4200,,,-3
1596,117,1,11,4,4200,,,-3
1597,117,1,97,10,4200,,,-3
1598,117,1,6,4,4200,,,-3
1599,117,1,158,12,4200,,,-3
1600,117,1,18,4,4200,,,-3
1601,117,1,28,12,4200,,,-3
1602,118,1,3,7,4320,,,-3
1603,119,1,150,11,4320,,,-3
1604,120,1,59,11,4380,,,-3
1605,120,1,21,8,4380,,,-3
1606,121,1,14,10,4380,,,-3
1607,121,1,21,9,4380,,,-3
1608,122,1,32,5,4380,,,-3
1609,122,1,5,3,4380,,,-3
1610,122,1,122,10,4380,,,-3
1611,122,1,129,4,4380,,,-3
1612,122,1,1,1,4380,,,-3
1613,122,1,24,9,4380,,,-3
1614,122,1,361,8,4380,,,-3
1615,123,1,14,4,4380,,,-3
1616,123,1,122,7,4380,,,-3
1617,124,1,21,10,4500,,,-3
1618,124,1,10,10,4500,,,-3
1619,125,1,9,10,4560,,,-3
1620,125,1,35,5,4560,,,-3
1621,126,1,20,8,4560,,,-3
1622,127,1,122,12,4620,,,-3
1623,127,1,6,8,4620,,,-3
1624,128,1,77,6,4620,,,-3
1625,128,1,30,10,4620,,,-3
1626,128,1,354,7,4620,,,-3
1627,128,1,95,4,4620,,,-3
1628,129,1,7,5,4740,,,-3
1629,129,1,5,8,4740,,,-3
1630,130,1,88,5,4740,,,-3
1631,130,1,35,6,4740,,,-3
1632,130,1,223,6,4740,,,-3
1633,130,1,8,2,4740,,,-3
1634,130,1,55,7,4740,,,-3
1635,131,1,32,10,4740,,,-3
1636,132,1,195,4,4740,,,-3
1637,132,1,2,4,4740,,,-3
1638,132,1,79,7,4740,,,-3
1639,133,1,236,2,4800,,,-3
1640,133,1,3,10,4800,,,-3
1641,133,1,294,7,4800,,,-3
1642,133,1,127,10,4800,,,-3
1643,133,1,46,4,4800,,,-3
1644,134,1,12,2,4800,,,-3
1645,134,1,6,10,4800,,,-3
1646,134,1,34,2,4800,,,-3
1647,134,1,23,4,4800,,,-3
1648,134,1,44,3,4800,,,-3
1649,134,1,144,9,4800,,,-3
1650,134,1,142,8,4800,,,-3
1651,134,1,52,10,4800,,,-3
1652,135,1,135,8,4860,,,-3
1653,136,1,196,8,4860,,,-3
1654,136,1,0,4,4860,,,-3
1655,136,1,26,6,4860,,,-3
1656,136,1,134,5,4860,,,-3
1657,136,1,44,10,4860,,,-3
1658,136,1,426,7,4860,,,-3
1659,136,1,120,4,4860,,,-3
1660,137,1,3,5,4920,,,-3
1661,137,1,17,6,4920,,,-3
1662,138,1,6,12,5040,,,-3
1663,138,1,10,3,5040,,,-3
1664,138,1,143,9,5040,,,-3
1665,138,1,111,4,5040,,,-3
1666,138,1,32,8,5040,,,-3
1667,139,1,2,4,5040,,,-3
1668,139,1,39,9,5040,,,-3
1669,139,1,33,4,5040,,,-3
1670,139,1,27,1,5040,,,-3
1671,140,1,209,4,5100,,,-3
1672,140,1,152,4,5100,,,-3
1673,140,1,113,4,5100,,,-3
1674,141,1,186,12,5100,,,-3
1675,141,1,4,6,5100,,,-3
1676,141,1,0,7,5100,,,-3
1677,142,1,11,6,5100,,,-3
1678,143,1,340,9,5160,,,-3
1679,144,1,35,6,5220,,,-3
1680,145,1,263,10,5280,,,-3
1681,146,1,1,11,5280,,,-3
1682,146,1,154,2,5280,,,-3
1683,146,1,11,3,5280,,,-3
1684,147,1,3,8,5340,,,-3
1685,147,1,12,8,5340,,,-3
1686,148,1,18,6,5400,,,-3
1687,148,1,222,6,5400,,,-3
1688,148,1,186,9,5400,,,-3
1689,148,1,1,4,5400,,,-3
1690,148,1,159,7,5400,,,-3
1691,148,1,9,6,5400,,,-3
1692,148,1,23,10,5400,,,-3
1693,148,1,4,9,5400,,,-3
1694,148,1,79,11,5400,,,-3
1695,148,1,37,8,5400,,,-3
1696,148,1,38,6,5400,,,-3
1697,148,1,339,11,5400,,,-3
1698,148,1,8,6,5400,,,-3
1699,148,1,144,8,5400,,,-3
1700,149,1,16,4,5400,,,-3
1701,149,1,13,8,5400,,,-3
1702,149,1,178,8,5400,,,-3
1703,149,1,17,8,5400,,,-3
1704,149,1,6,12,5400,,,-3
1705,149,1,14,10,5400,,,-3
1706,149,1,60,8,5400,,,-3
1707,150,1,153,4,5520,,,-3
1708,150,1,15,10,5520,,,-3
1709,151,1,4,11,5520,,,-3
1710,151,1,0,6,5520,,,-3
1711,151,1,3,9,5520,,,-3
1712,152,1,73,5,5580,,,-3
1713,152,1,12,7,5580,,,-3
1714,152,1,19,8,5580,,,-3
1715,153,1,258,5,5580,,,-3
1716,154,1,2,8,5640,,,-3
1717,154,1,89,9,5640,,,-3
1718,154,1,15,6,5640,,,-3
1719,155,1,100,8,5640,,,-3
1720,155,1,164,6,5640,,,-3
1721,155,1,234,11,5640,,,-3
1722,156,1,43,10,5700,,,-3
1723,156,1,0,8,5700,,,-3
1724,156,1,11,9,5700,,,-3
1725,157,1,26,4,5700,,,-3
1726,157,1,1,1,5700,,,-3
1727,157,1,99,4,5700,,,-3
1728,158,1,122,2,5700,,,-3
1729,158,1,440,3,5700,,,-3
1730,158,1,13,8,5700,,,-3
1731,159,1,71,4,5700,,,-3
1732,160,1,20,2,5760,,,-3
1733,161,1,450,5,5820,,,-3
1734,162,1,53,3,5880,,,-3
1735,162,1,185,6,5880,,,-3
1736,163,1,17,8,5940,,,-3
1737,163,1,9,1,5940,,,-3
1738,163,1,112,4,5940,,,-3
1739,163,1,45,8,5940,,,-3
1740,164,1,44,9,5940,,,-3
1741,164,1,42,7,5940,,,-3
1742,164,1,13,8,5940,,,-3
1743,164,1,5,5,5940,,,-3
1744,164,1,40,8,5940,,,-3
1745,165,1,20,7,5940,,,-3
1746,166,1,114,3,6000,,,-3
1747,166,1,36,2,6000,,,-3
1748,167,1,108,4,6060,,,-3
1749,167,1,57,7,6060,,,-3
1750,168,1,12,3,6120,,,-3
1751,169,1,33,10,6120,,,-3
1752,170,1,33,8,6180,,,-3
1753,170,1,14,2,6180,,,-3
1754,171,1,457,6,6240,,,-3
1755,172,1,184,4,6240,,,-3
1756,173,1,0,9,6300,,,-3
1757,173,1,33,2,6300,,,-3
1758,174,1,138,10,6300,,,-3
1759,174,1,9,3,6300,,,-3
1760,174,1,86,7,6300,,,-3
1761,175,1,11,6,6360,,,-3
1762,175,1,4,1,6360,,,-3
1763,175,1,23,8,6360,,,-3
1764,175,1,413,7,6360,,,-3
1765,175,1,257,12,6360,,,-3
1766,175,1,349,12,6360,,,-3
1767,175,1,231,9,6360,,,-3
1768,175,1,236,6,6360,,,-3
1769,175,1,72,9,6360,,,-3
1770,175,1,97,1,6360,,,-3
1771,175,1,5,7,6360,,,-3
1772,176,1,105,2,6360,,,-3
1773,177,1,115,9,6420,,,-3
1774,177,1,22,4,6420,,,-3
1775,177,1,142,7,6420,,,-3
1776,178,1,103,8,6540,,,-3
1777,179,1,49,4,6540,,,-3
1778,179,1,375,4,6540,,,-3
1779,179,1,287,6,6540,,,-3
1780,179,1,20,10,6540,,,-3
1781,179,1,107,10,6540,,,-3
1782,180,1,57,10,6540,,,-3
1783,181,1,7,6,6600,,,-3
1784,181,1,115,4,6600,,,-3
1785,181,1,6,6,6600,,,-3
1786,181,1,15,6,6600,,,-3
1787,181,1,25,2,6600,,,-3
1788,181,1,101,3,6600,,,-3
1789,182,1,152,3,6600,,,-3
1790,182,1,118,6,6600,,,-3
1791,183,1,6,4,6600,,,-3
1792,183,1,5,9,6600,,,-3
1793,184,1,38,6,6660,,,-3
1794,184,1,11,7,6660,,,-3
1795,184,1,121,3,6660,,,-3
1796,185,1,97,10,6660,,,-3
1797,186,1,101,8,6720,,,-3
1798,186,1,232,4,6720,,,-3
1799,187,1,32,10,6840,,,-3
1800,187,1,87,4,6840,,,-3
1801,187,1,5,4,6840,,,-3
1802,187,1,7,6,6840,,,-3
1803,187,1,11,8,6840,,,-3
1804,187,1,30,8,6840,,,-3
1805,187,1,75,8,6840,,,-3
1806,187,1,27,6,6840,,,-3
1807,188,1,37,10,6900,,,-3
1808,188,1,27,12,6900,,,-3
1809,189,1,159,8,6900,,,-3
1810,189,1,36,8,6900,,,-3
1811,190,1,39,12,6960,,,-3
1812,190,1,112,8,6960,,,-3
1813,190,1,171,5,6960,,,-3
1814,191,1,62,2,6960,,,-3
1815,192,1,23,4,7020,,,-3
1816,192,1,9,6,7020,,,-3
1817,193,1,0,6,7020,,,-3
1818,194,1,38,6,7020,,,-3
1819,194,1,40,5,7020,,,-3
1820,194,1,19,4,7020,,,-3
1821,195,1,241,6,7020,,,-3
1822,195,1,109,4,7020,,,-3
1823,195,1,46,6,7020,,,-3
1824,195,1,12,10,7020,,,-3
1825,195,1,163,1,7020,,,-3
1826,195,1,29,8,7020,,,-3
1827,195,1,16,7,7020,,,-3
1828,195,1,85,6,7020,,,-3
